id,content,hash,ack0,ack1,ack2,memory
3EB00D00BE900AA83193C6,oWP8,,,2025-12-30T18:17:11.464Z,2025-12-30T18:17:11.474Z,-Infinity
3EB01A9EC2F86152E30255,60eL,,,2025-12-30T18:18:11.464Z,2025-12-30T18:18:11.474Z,-Infinity
3EB01B4142E1BB15362619,wxmh,,,2025-12-30T18:16:41.464Z,2025-12-30T18:16:41.474Z,-Infinity
3EB01EDCA09AABECFC967B,IOkH,,,2025-12-30T18:19:31.460Z,2025-12-30T18:19:31.467Z,-Infinity
3EB01EF51CB439BF32E422,f6TA,,,2025-12-30T18:18:01.460Z,2025-12-30T18:18:01.474Z,-Infinity
3EB029D7C730B04DB0B4B7,u9wL,,,2025-12-30T18:18:31.461Z,2025-12-30T18:18:31.470Z,-Infinity
3EB03457453E62A9ADA260,0Axf,,,2025-12-30T18:16:01.460Z,2025-12-30T18:16:01.470Z,-Infinity
3EB045F7B65DCB6BE69C72,gmob,,,2025-12-30T18:15:51.460Z,2025-12-30T18:15:51.470Z,-Infinity
3EB051B6EC9ECB072FD981,bRWd,,,2025-12-30T18:19:01.464Z,2025-12-30T18:19:01.472Z,-Infinity
3EB058F3FE3742FFDF9957,terq,,,2025-12-30T18:18:21.464Z,2025-12-30T18:18:21.474Z,-Infinity
3EB06225FE0D2051AA25A7,Zo1j,,,2025-12-30T18:19:41.464Z,2025-12-30T18:19:41.476Z,-Infinity
3EB06AEB931DD4143CC02D,sCtl,,,2025-12-30T18:16:21.464Z,2025-12-30T18:16:21.470Z,-Infinity
3EB07373E5961EBC210542,2It4,,,2025-12-30T18:16:31.464Z,2025-12-30T18:16:31.475Z,-Infinity
3EB0A0C7D935E19A0303B3,N13X,,,2025-12-30T18:17:01.464Z,2025-12-30T18:17:01.474Z,-Infinity
3EB0A7028B6E8331AB1BE4,jX6t,,,2025-12-30T18:17:51.464Z,2025-12-30T18:17:51.470Z,-Infinity
3EB0A7B656EAB81C86CE0A,s6TD,,,2025-12-30T18:17:21.464Z,2025-12-30T18:17:21.478Z,-Infinity
3EB0A93FCD0F810305FD58,VdFz,,,2025-12-30T18:18:51.464Z,2025-12-30T18:18:51.470Z,-Infinity
3EB0AC69835EAB896B38A1,eLDr,,,2025-12-30T18:19:21.460Z,2025-12-30T18:19:21.466Z,-Infinity
3EB0B6CA63A1E254C79AC2,XMmC,,,2025-12-30T18:18:41.460Z,2025-12-30T18:18:41.469Z,-Infinity
3EB0B701B4AE1C32E9C591,nT6K,,,2025-12-30T18:16:11.464Z,2025-12-30T18:16:11.472Z,-Infinity
3EB0C87665B915C88698F7,w0sZ,,,2025-12-30T18:17:31.461Z,2025-12-30T18:17:31.470Z,-Infinity
3EB0C8AAD8178B6B8D44D4,769q,,,2025-12-30T18:17:41.464Z,2025-12-30T18:17:41.474Z,-Infinity
3EB0DE386E1D9F70F39180,b0rX,,,2025-12-30T18:16:51.464Z,2025-12-30T18:16:51.472Z,-Infinity
3EB0E3D9BED6C1F20BE805,muX3,,,2025-12-30T18:19:11.460Z,2025-12-30T18:19:11.469Z,-Infinity
3EB0ED123C6DE67E72E1E0,VrML,,,2025-12-30T18:19:51.464Z,2025-12-30T18:19:51.472Z,-Infinity