id,hash,content,ack0,ack1,ack2,ack3,memory
3EB0005F5B813136384A57,,Z0QhJ7BTh VEYR1 0ylBWdDsphkGBIq44c apl01XEoXWipaYvMrL7ylcjclcnt Pn35UzRl87uwFYD61wYNhVdh,1761562921538,,1761562925549,1761562925756,1403
3EB0012EAE8C2E5399AA3E,,kiQFWWq77RZPoIacgIP4LOIpSC4rKDGgeYACOFHRY5aTabUnYBZcclbyhIC3qoOwGUCVAOffbS03QRWuJeMD0FCp,1761562771539,,1761562776379,1761562868759,1419
3EB0068C786A5A9583EA9B,,DSYm,1761562961538,,1761562968615,1761563004163,1076
3EB006EC08974A3B123053,,7EgKKQEXaOzqmWoSZ7yP9nsySsyLGuS4WpO7fPXwkCIQuYtJNcQ9DF5qu7CjjBKAeSFR11WbB4xZh9bTSTl3zDIt1XkKo,1761562676534,,1761562680111,1761562680122,1451
3EB007E0E5DAC580A076C3,,cDeRuHe Lf5sKNYKh1vK9VPJAdferq4U3crtU0X0x2Z9hJmmnTuOhKB3KJi,1761562581538,,,1761562647668,1289
3EB009E6FDEF84EEB64B04,,n1a64VTbUKzsYTIx29MFmz2WlsBwfZnZKw1gMrPg0H6UKNpC12TLxCD bCsG2l6CljMEO0dVmi8d tRA6y,1761562926537,,1761562930826,1761562930962,1403
3EB00A7243CC981C9741D4,,BgyTPl7VZRT 03eeVmk2SrzQiyRNxd59Pgyzf57J7MU0FF78Kc5dulDxznOVk2aClEzAUayu1L1DjXAvDoA4jlMTi,1761562991535,,1761562999954,1761563004163,1419
3EB00AF88D6E7D74D0CE97,,e7bQyW4GEoiHWFbE7OnvA39blc86C5LitPiyJQVKZtjW8vqttT gnLw7lOZneNn67f21974QtkNqW,1761563001538,,1761563008239,1761563004998,1385
3EB00B562C1425B540BFF9,,Bz0bjYl0PsqoLO,1761562906535,,1761562910494,1761562910704,1124
3EB01463030A5C1CBAA6B9,,fhIJRXmkNm69ia5AmkqSUthcW,1761562606538,,,1761562647668,1173
3EB016FA2F7F6EBCA33C60,,buO75gfEcXebdgpy9zs2mPv9b9JSeLV4cyU8ZPqhI66kk,1761562711537,,1761562715087,1761562715317,1257
3EB01B0AE580D4D177A656,,ShazVp2331I3,1761562836536,,1761562843885,1761562868759,1092
3EB01BC2A10E1BE3C716F3,,0N68yPoiaITqLrW4gh3oq8D5m6jw3kK0BxBDXVGA6h3fFpXQndXjRnx,1761562686538,,1761562689981,1761562690195,1273
3EB01D997C0A2F4F1C9282,,qnBd2UD3YAuZJiH8J0MbXScz5wOMthiEtqBeQFU6KS,1761562861546,,1761562868611,1761562868759,1225
3EB01DBC91FBA938BA85CF,,S84Au4ZtudFfvgmnwE7svmqo,1761562756535,,1761562761518,1761562868759,1159
3EB021112776A4B819B8B2,,IVqOGRW3NDnPgo7dGbV3ETV5sA0ZOD5sGchOe38gHGXR9oj2uDah7oetFxDRwmiVTZnfyRHUQJZWnuD8k0Yj,1761562876539,,1761562881367,1761562881372,1419
3EB0237314A97F262E6CC7,,Z9DJqa7AjQrhArTkVkDfp3D0YXgUjk1mg6VCnmqrQylPOoJi2NVwi5qwlB8,1761562791538,,1761562798266,1761562868759,1305
3EB0252DCCA95AE0E99871,,wTFG2IYsOyTlxxrSzXNmaEEgoQUg2epLkf6vIGwULfySdeHiX4Cja6kprgWGk2KFd4k33aqD4VSHK5,1761562786540,,1761562792172,1761562868759,1353
3EB02CC9055431A848FD68,,YwWgLB3KEGbxGhQPIY2ZvCZ XCIo5,1761562841538,,1761562847381,1761562868759,1192
3EB02EA18E5CBED439ED3A,,d1Hde7LmfVFESpkV8RjEOrHWAb5rESEbuHobxDZpuoxCiQBMbBz0cMwa0nJGJtlY3,1761562601538,,,1761562647668,1337
3EB0398DA0B54EBE1EB914,,wSWtMO,1761562806537,,1761562810894,1761562868759,1092
3EB03C398A53128C61E927,,CQOgGtS41lzIqInaLEgn7o79Ssz82D3SvLwZoandqIDfXfNN0Lltf43K7auILhqyamCZY2P,1761562731537,,1761562735351,1761562868759,1353
3EB0418D4E36433676CA08,,qFWFPldEUlz6r7wYPBIt9aumkTD iHRDykqxaXOrYYb6,1761562591539,,,1761562647668,1225
3EB043E7525F8C63CAB079,,wnGIFkH02IIYFTbgPR6Z94L5x94xgGjHOExQ3Y K2nf6GI aok H5Us nWa,1761562936538,,1761562940863,1761562940866,1321
3EB0442829594C119C0FB1,,kmt,1761562821533,,1761562827499,1761562868759,1076
3EB0462EBBB181DCFE7897,,ZnSDO3vIdF8IdDVm rTvVcqjgjs0kO0T7Tzr9WoLNSW mSe7zaroXd,1761562636535,,1761562660008,1761562647668,1289
3EB049AEE5DD58B4FA9201,,OcfeEXXdQQuvHeVrb hR8lILq7YeNRIbqPZMJM2ZhqZaB,1761562571534,,,1761562647668,1241
3EB049B8B70B0004A8B412,,0UGf 8uHEtJ33PQzPhVKVY6rsmMmOLS21,1761562616538,,1761562659978,1761562647668,1192
3EB04E107AE3C6D2376486,,RmLTb3Mc4eNRL7vTFwxs5PT,1761563031540,,1761563036038,1761563036271,1157
3EB04E1480065FA8F276D8,,kgIWcHyGPg,1761562761535,,1761562767158,1761562868759,1092
3EB05B3C96746F3B22B35A,,sQ1uImRFbEbeCelffUDVeUzqR1Yi3FV7Mg1XIICCNqbqXBOCNQPXdkE2RV2EcBbiWKdeMiiZCY,1761562626539,,1761562660000,1761562647668,1387
3EB05C3D13BBDB91FF8F3D,,7KhB,1761562641541,,1761562660014,1761562647668,1076
3EB05CD26DBC059FBDA713,,C6b41EuLEdKVJg6CEEqciumOMevPNTnbcwvCKqmPbHssR12s2YOIccmvaeypiwXXjEWE4ZGw0HMB,1761562541746,,1761562544469,1761562647668,1371
3EB05E946C0F89922DF7A3,,qQTBKQO9hd3HPnD97ixJIbbH5uWq90svPacbe3ok,1761562576539,,,1761562647668,1241
3EB0619A1B6A394ADEA505,,qIX2UvtPoeC2UsyqvtC4uvVLzUCAuiGJYNZYIVDIy7qbeIeP0MEy08NQSTrfvdCu80HR1zs,1761562801549,,1761562807717,1761562868759,1353
3EB06841079B775593AC53,,58Qe6j0 jp0pfKbMmy30UknaasuwvnoVE67ZtrSc,1761562881539,,1761562887296,1761562887315,1257
3EB068AA5A4A6460BC99CE,,JiEHBPNrUFawBdNzskOkc8hi,1761562811538,,1761562817366,1761562868759,1140
3EB06B84F217BFC4BCBC67,,gFhBeiHh287lHpxCXhc9XJmA0MbrpGQRHiab7RtnXrn5o0ZygocbwH6Nha6XXAOJvOLiuIfzlVNytpJXOggtSa4A7SdE7a,1761562661540,,1761562668054,1761562668064,3963
3EB06D39041C1CF56F19A2,,qIrxzUk9VK3,1761562701538,,1761562705135,1761562705154,1108
3EB06D816F4F07F4D548C1,,jnt1jcjtfeW95GCyPGvcXgGSdGL 4jACLbBUI2YGV2p8QD54hpJvujbDksgc,1761562911534,,1761562915569,1761562915785,1305
3EB0745AAD10AED02E4FD3,,8xYbAOVot0kL1SHcyZO91ol1QmgI9PTXe5Zko7tcuvWXmnvkqNkiHh1M6DVkPWbR7,1761562981534,,1761562989380,1761563004163,1321
3EB077EAD870076CE70893,,tti7B5OKxTkZkPapZm5FBiAJi9pfsFH3Sq1LhKSU,1761562971534,,1761562978950,1761563004163,1257
3EB07884D349336B731CC9,,Q0AKKu1jpsLLhVzhi2cKhUFb5rXuPmapxvBPTaXb1h8s6pamRXK5EBCx5Rh9ch ZEnOTL,1761562866534,,1761562871533,1761562873585,1337
3EB0788DA3199835B61D70,,sNzmMqejgTkX047ZzxDy7ex0gTnQfPYBNafHtnGOmAR1yPg m,1761562746534,,1761562752916,1761562868759,1241
3EB078BF035046DBFD8ABC,,eJEC,1761562986536,,1761562992987,1761563004163,1076
3EB07BAB56BB1C52C34D06,,L,1761562851536,,1761562857885,1761562868759,1060
3EB07E9EBCE1415871C2C6,,H0eIoWahandv2efD6u43x8klNOkzA3PAZEnBIs5ShNTw7utaLOhY5c,1761562966538,,1761562973228,1761563004163,1273
3EB07F1493179DCF68EA23,,6HsG2WuoWcC,1761562901538,,1761562905789,1761562906003,3582
3EB084BD7E0BBA37B9D6DA,,X 0cGIToRCtN6CuwaJ kFisIfq,1761562671537,,1761562676058,1761562680122,1193
3EB086BD6D22085D09FF20,,x7,1761562566538,,,1761562647668,1060
3EB086D90387521E479ADC,,cyT1UEOT7CDsa16ZqyI07omTgWuoiYpumPGx3cIZhRpE,1761562706537,,1761562710060,1761562711494,1257
3EB088A67825178379749D,,AtNXjO0BdFXwhb1iMq MKOgeE3pZYXxxjtcfOjJ8fOx89dgm7qO4WZq6Z9o88q8eVYwHZ5Lkto,1761562891539,,1761562895905,1761562895908,1353
3EB089F6BDF505187583AE,,QI2oGLcFGYesY53yaiFKE8WYRAgSgh I1OnCvvgTB1RcMXzDXH1vYiofqaexCPBBfnYQjJEjlsZVZ,1761562691534,,1761562695126,1761562698261,1355
3EB08BFE9037BA12DB34AC,,DN234bKnDRoPvxjI31JSF0RWqpN36oPiCTNWcgX8amw9sM,1761563011534,,1761563015717,1761563015978,1273
3EB08F11AB011439DFADCE,,1kuRXw1,1761562741539,,1761562747330,1761562868759,1076
3EB090780E5E0093116099,,YmsBmV5GHy7ANnZOcBSqqmwfaQHgltrJPxVz9JtlUobi9N48ucqsriKe0pJfXJkkpQfhqaIg cvm8AkU0GDuRlxb4oug oiH,1761562551533,,1761562553974,1761562647668,1435
3EB0917287D83C827F4DD6,,6oSDjTUnrhcYzWkn3FK72vWy4KZ1wo7iY3oAXNjPGYJAsctc7Qc09yMIqVkXz,1761562681537,,1761562685364,1761562686294,1305
3EB091B08830E9DEFA80AC,,f3lu6zNMdhrMQtpeYYj3qmb gegmY6CfiB1jnGUxqzHt,1761562696535,,1761562700988,1761562705154,1273
3EB09398E0DAD80D86ECD6,,jET2NDvU6LURBd3GRpnAV0H5jVW5Jo7aB6YfKkZ k78dcOCVosMujQhePG2IlZ2ekl1,1761562781538,,1761562785936,1761562868759,3660
3EB0958A7CC296457AF6F5,,DvcWHivMjkShmQ4Kn5 0W5azx3jPjLfCKn539Q JDkf72EbrEI3ewGZ,1761562976537,,1761562982583,1761563004163,1289
3EB0965547EBE1680FF034,,ULOP1XtHXzRik05yafFLy,1761562726538,,1761562729903,1761562730214,1157
3EB0982DF53CC51674CDF7,,IoOKMSsZlio12k0SSdZdnwGWbYUG1AREta89dz JgayGWOMxlADi6,1761562831540,,1761562837230,1761562868759,1273
3EB0990055454E460BB603,,3BD6fvs4tq20Koa6tDporaapkCsqWKg qaCWOxJzqDiLLCKXxn6IWVOVqlc6Vh,1761562856534,,1761562861456,1761562868759,1321
3EB09A31BF2976CF3C7DB9,,QdW RnVsOA OguK XejyDqvPFCoj6izkBGrroijwA5ayf M4mAD0GfuVu5N3NfD39Ek3s7egA,1761562561538,,,1761562647668,1337
3EB09BE2662694521A6BD8,,bYC2B4hNjpI1SFDZRTwgb6LPfP7oI,1761562776552,,1761562782686,1761562868759,1156
3EB09DAC1B9D355E5D17A0,,y6uBq2IUlzIHzyQFd4QaFJ1qwada89ZfRqd68o5GpeZUlOYQy3aP374VJryw,1761562846538,,1761562854135,1761562868759,1289
3EB0A07A5382A14B1D10D4,,tsap390 FqtJ lKNArY1GwghuMAI,1761562816534,,1761562820560,1761562868759,1176
3EB0A125D03224BE4A2BA4,,3d6zCDnX8PdVz0F722CAmrMrSnITXPl7cDcSwy5WYhZ7aD1Atx3FBXYVBzBttsMINXJx3 e,1761562546538,,1761562548554,1761562647668,1355
3EB0A3BE5BCEFC87AB9FC2,,1ixvMgMgESrs5dDfmqQoHopsc9r2rpuai,1761563026539,,1761563030840,1761563031278,1190
3EB0A8FBD7AEE03F491A52,,uaTG TLFPEh2os4UnhyTCAYpz U36XumcM6iGaNYv 1VjgooGXbp,1761562611538,,1761562659973,1761562647668,1273
3EB0AB6E8061F46E972927,,gS8RD5Y4ZGNaBVgvIs5LfHYUTriGF2rcPwivrbL EbDK8g2DCW9Plq,1761563006538,,1761563011515,1761563012105,1289
3EB0ABD41571BE3ECAC340,,wjM5SpcuLDN87oHZScYiuQzEzdcLXKTWjuajWQkV KEcCASqIB,1761562796538,,1761562801599,1761562868759,1273
3EB0AC0A2908C403F1CD4E,,QabpYYowVU6O7m21sw3J0Tt3V 37Hoz6hujLoLCY6ijkJsBu0VFueCBLhN,1761562646538,,1761562660017,1761562664501,1321
3EB0AC2B5782F5C9E22056,,n4B48ys,1761562956534,,1761562963108,1761563004163,1092
3EB0AF297539855B80AB80,,234AgH5shfoxVr1ShJk5EcCifKxhAYvh6 OgE3hAJk85lrKWX0V26 43ZkRYCcTnfKnRfjBAXv4PvZ tCJ9gXIVS9Tu,1761562896538,,1761562900750,1761562901127,1435
3EB0AF3ECFCCEC22BA969C,,36wK3p0wt8UZDxzgi6Ep,1761562596537,,,1761562647668,1140
3EB0B3E3A7D1845DCBFA7C,,jxGaQZBewuZ6vEPwsSNRuS Tr5lbWPncoPE5FSMBn 18ZEpiklPOwrwfTdqjKVP7UFjStkiMjEbU9TlfnUJTob,1761562666538,,1761562672177,1761562673134,1451
3EB0BA264BF961EF4C0052,,B0SKpYyjmaZUTa1uHlHO MCMf7v2tsq7GQbyWNJyo9Bz74qJwFRI1FIr0fsC2IxR5Jn80P2hguANxAlAEKwzOin1CfJ4OB,1761562631539,,1761562660003,1761562647668,1451
3EB0C13D53FC909EB38C53,,Rq1keHrMg6 jQAuWzD1jGVRAZBu3xnjSZ931uSHRtacrSHmUVjbYAADG,1761562651538,,1761562660021,1761562664501,1273
3EB0CB33AFE8E1E21ACE78,,7AqNs3fcbuqLeMU lu6KM6cV2QkNcnN5CfOUdzjHdVH,1761562621544,,1761562659984,1761562647668,1241
3EB0CC8B15B2656370E5E5,,Tl0B598xtHDIMMTOk ihTG676nMyXR,1761562871549,,1761562877781,1761562881372,1173
3EB0CE44EACE7DF12F1247,,j91QeX,1761563016548,,1761563020641,1761563020939,1108
3EB0CFD59757ECE342C26A,,tU3mY28HWNGESi73VVa17EYSNaP2kCs8lAk3beLHZk7QlCEVrcRcs2 t93Mwh0hN 1SKtKHiQ8v7uUX48T,1761562931538,,1761562935602,1761562935800,1419
3EB0D0DB135210FB44D4DF,,y2jM7NoRZmeawYSEq3hWi2QGPcDh bjfcwcwANqDcCRSZ adtK5v8LC,1761562736538,,1761562741239,1761562868759,1305
3EB0D1150585F7335CBED9,,hvAscVmhf7Ej5P7ZwFuMOTMfIWmviZsnmWgkA2o 3Rzm2vHG1x67O2qt4OP6Gya24MR0Nsf3EqWeCHu5W6RlxTe6fx,1761562586540,,,1761562647668,1435
3EB0D2E045BFCAD4A85CE3,,fbDH1noF5VmTeGnEMU6dJzpCTZJ6oPhjFdwaMgrPC5jQL0DfEo4AG0oQM4yWfs4OmFQqeSMEYvE,1761562996538,,1761563004150,1761563004163,1371
3EB0D563B8BE0274663237,,hnHyaoxl6pg47CZs2HJw2j29PO0Gfn9GtcRZ3Cibqhl efFE4JX0OlZq5EQgIxcj5EaM5hX0UXnX,1761562721537,,1761562725324,1761562725521,1355
3EB0D887CD9C007C2B8994,,VoLsR1i3Od62C69HGc4qVgutR2fJGLFPA aCrxlshVy2AULVijr6dNVBLtDaevLJw5CcHmfjMQ1,1761562916538,,1761562920440,1761562920654,1387
3EB0DA14121668E396FD43,,AYnj1VdhbKnXkn0G7hDEEwlgDTdRz2QEtDuGDF,1761562951538,,1761562955813,1761562955925,1209
3EB0DCF11E7B462EE23618,,cREcJS3vqIlUQE29e4TmkrKWFYahaPioQreexL4JxSr1mnkRR4zcDysbyZAH3mNuY9EaXpnpr19wL,1761562941535,,1761562945674,1761562946084,1387
3EB0E3398A077F4ECAECA3,,JROPlNGOwGsaExVr97CJ6ls9HSAPO0uPMRixA7clkFFUnzaeqddVbWo6gDP2u8tRJmAQaBEgbFG4vR,1761562886534,,1761562890584,1761562890788,1403
3EB0E47EF36E04D1D78C81,,xXKR6FLrDrzZGqgZhH,1761562716537,,1761562720183,1761562720495,1140
3EB0E4E9D64D034295DF1D,,ZPBl38dGMPcNZPcmpPwrQvyHizM5b4ZTFe,1761562751538,,1761562755921,1761562868759,1209
3EB0E5236DF6B746D39207,,r6RMDDFOeiH9IrHrIovzVS9IC6x,1761563021539,,1761563025673,1761563025877,3650
3EB0E5A352AA4279B3198F,,ddnaE9G7bWZTE6WXkO3lqTWJ58q6uA9FuwvYF6ZOKHsZdfJYTxMrg6fpcI,1761562946535,,1761562950890,1761562950894,1321
3EB0E694D3907C9A4B13CC,,b MBp0dzaNHX6rs,1761563036538,,1761563041111,1761563041450,1108
3EB0E832AF7768E964036D,,RjUJv1SYDUHoJ,1761562766537,,1761562773630,1761562868759,1108
3EB0E947AB4EBD3EFC03E3,,qcgFqEQDyBAcbQ3IMJd f7oZV5K4lQr64gYycQDM2As2PjNttsvv8fLZr  W6IjP5i3kFtz5jtvOH0Vbl,1761562556538,,1761562558700,1761562647668,1387
3EB0F4FC42EF642D7C9A34,,rjPudU1Zlr6TLntU0o64pPAaKSsv0sd,1761562656536,,1761562660024,1761562664501,1173
3EB0FE4B4CA35141CF0670,,X2NFOAQuZOfODJsFm0HAHbgpitQbqGIQ,1761562826537,,1761562833848,1761562868759,1209