id,content,hash,ackpre,ack0,ack1,ack2,ack3,memory
3EB004126E3C9F6E18C73B,"[Control Message]
Confirmation ACK sent.",632fae814891dda225cd80d21b6651ce9077942ac7ceba803f6cf7e4bc8e4d3b,,,1762460618546,,,724
3EB009AE812C6DA833DB25,"[Control Message]
Confirmation ACK sent.",3238d1477bf8636e275e47600ccefdfc5245321ce2616701c0955eb1b532b02c,,,1762460578106,,,724
3EB00F58B010FA0236762B,Ub0YXdDWyRCbR146iTs16ZuVL ku FtlBn3cjmbtCoVSCSizioAF4RdprFzu18CcROnrPN9BHNKDFdCEhJhR5XVXD ox5Wa6m0pHMccKpdOqxDVgPGndSaJ LFq16JXnl0xF2IR4eTSgEhAZcE3i rqZD3Q 0hf7szolKfXNPXdWHXlrVRhNiEYTRhwPZ6rRQK YZbu2p9JhvcCuZnAY8NEL4fdAuxMTi9RGD6ZLRxClzrXTI3HzV0rbLkx2j5tP92yjgcShUOfvzslQygdlZVbsXivGAkTnhUePoYXtW1XYaADeOwevvh70CpEHdoHi0xrFej0nEPqFmKc76Xh H0nLlMp7sz7ujftwv6HqkFvrE2asH6PcifDajBcduW4deK6iy9KkgcePJs1irPqjbxe98FCbpogQAEAr89qlSfI 6pYycYb5rKBEqk4a78KX8vGYwyL9fz8SQLsg8P3KmcpLFfItSySSVoAUJ63b9rpzcnvVYCq5tx5 H15pZlXmrnr4GsM6uKAqHileYHcPM5bxxBlRCQ7izdyzo2T6c7O34FMkKWzP1DmUrEvr45VX9XHOOb53IEqdn57ZHU2qItN9a9ZlkZFMtoN38Lgq8jOjVMj4JKu2MwiZCs6mx70e7ZcckHvYjNULAx4vmlgH4wzGuzC4jezP6dkonAx3MI3gOngYUmLJtqRlGnIDuV9sk06f1zD1RueX0dPIqrLQksLkGN1zujkOYN tBEeFurciiLUXRcPp4dYCxZasgr2KG1CAIJaaBiAsgjFGU9F789pypvY1G4Z0fjnEPEjZi5xztYN332STVZKs3NrslSkVZ0npGa58id7BPeEdSURzJXwWyleyREF5YY9PARfoTnZfO0XXHpOhDCS9XlXFVZMAmFtrBBDh3NwR9OJMra4W4flOGZ6ibO5xDtb9rMBQXRxh1X47E1eCQ XTNY8L6HWE4cHUIETKQC5iEo4X0dXMbT0tnjuE0JiCJUovDQssNI5y aa6QJMuFyVK7dXUddKB,a8ee34e0a10d8afa3ff782133f001d447fca15038da590669bdd68322a23fbff,1762460605840,1762460605927,,,,6849
3EB01D695B904C3656A90D,LzlTkAgJaEJFOYVNbm4Ae2r2OGCS6GXcw JzZaBgYyN3 RriNGZaU8yv24SHJ47hYvYYtfEvEgl47A7n8veyEv80rkLewr2ihFIfnruyDWFk OpXk5mdSeINDlueHY1bqRgQRtsUZfVoXbt2KirASfugrF3swTm2kxGSV H2CyM1KOFBhlUMa2chZVuV4zawERQ96bFTk6c5cmmapn3cs0TI8XrR5M2tSkZc P0TIbBuefP3lzX5yZU4i2dD2QOovRm1YxlON1uYv9Se22pVCLd7mX4FWcQR4Vq55ILTOtL984Xovma SoWlmEEU5jV1JFz BTRGpO msBgiycVh1TKaasNho1lBD31z5r2R werOEN9CSTLocJVnUyZUnwRy42R0VSAtpmAALFcmIHTeosgjA4mXcRztCN wvyARQRAGMob37X4tuFCu9vwc  MAjsYMzkWlfzqrRn7OJnr3dGrMDcoV dqeuE7X5uj8KAeeRqHFk5ObGF8gKXmyoxuS98U65SdUn6ANwMEqi1NVq6wg24E8jE38GeLExzoEccI11XXEWuIQjqkC9Sdys16buWEjlyv3EPJPCXQGfBgeBdnWSZplkK01oDzai8KUbLxU6cwlTsk4k0kOsWwpaGThepl61r LKkPxpM nnqxFwT8mRvPucz1jPM50oTy6GYBHldpRuIsamv1jDQzRJKJI83ElMQoRP Z4c3MWIvN8t5jwici4d3MD81vmHouL8MGLSS89pzH8Tn17JEzEKryyUJh6sqJBwMSEVQYsgZ7FRgsATq2DZp9ah0PYlqZmSXTia1HsFNmNF3YC6flk AZtYBVQuKZaS4oTiQE0CpmFB3dEH1Qh215gp3ru3ztaTsS3PJiShIys54jFb4oFg2dKbQmGzDYIr8CwONwANRiTr5cC3kcW9pBMen8RkSC2NwGGM1reJpwlD6ZR4iCphKspEEcH3XBUveiMdYipLetH w22Hc7iDwNVCRfjsttnARgGYquX0zv9gArsPa2UqMH,4fb79002f56f610edc2b9604ae08b78ba16708a9048c664a7a7eda5d77ba41b6,1762460475840,1762460475941,,,,6833
3EB01FABED027B6512D34B,ZjJ69oIkq7Zb6AQYQ0RS g7sQL5eT82F7nmNsUyxZLQ2f9KA7suRLONtsxMSESoNyHY6us5yj5mGtYlxCRdTK3rCVh48ih0yJddHVD8MHkmYHXJOaXX8wCedZvTecn iq4lHego0FTtCN4Uk7RuWFEwOJiml8bzOGoAU6uTHu12cbXN0 OvWa3HB2esCktFd3Ux5LZ9twXZBwadI0ov6ZDbdCjrazlDHP5Sx8Q1SZRj8xMajORI0cVxkWwWgtn 6V302qNVqN0WVhKT cgIwVuGPU wSriljI1lXMcSVPravrgrE5XNKPW94pIPd1QYm8nrHfCaOIbQ2fzhu7mWXxPqYVuvJi7A8CbqpIvGOefrHff5FldVUVFIAjtheh0WHhK7 jlms1qFGPJb3eJa7D9Q3Zg3X6TAWhUuwLbSWc8IIXkj1mC9kj5yhQFJjsOBTQKx9N1WVEUsG1xzeMbu8lIxJ7aY1UT3ezh7XZGSIgl NSDqbK66hkswrguWsQNHrmCo1ZgzDkgwX4DqVmmPnQr58ZgFJEHAu6JIJkonGxlHFsBGX3AmBjn6LjmqWHFjIaQouVtRgS2tTFroTo6hZpWJmng8Hxl4F4VllyvHsyt6obn8BPds5pEquW8jH3wtNZ1cB3 XtA5i0Mx6Nakt7hDDKID7180ihWaeOTNa PEVjHteV3cORxa87BG9LPnNDjmtN8S8LIVwBMUiLXWnfuVq6F4weCi7UKpnYj2weJX9GXGABbMnh3XmS5R53nj1kB jZMnpMtHNQ5uJHPXiuB3Vyc2yYw5Rqz4ukObNlwlBynyEA0mSzKHUsADObHiYrAXyZSDv3RENJAOLNX76MaRNfE2eZ8Y67e8nN2Tsc9P3zfLFdhJ6O3rBhswhmAy1z9kTmxFBIzw0aKvHCxfUzU4Rh07aDDC6Xq28RyOdkoSCWzWw1FisZGiVUNAkIlUM7VpBkx 41j7 U89VAtSyAdJGskmxgG9V0CRbxHngiU1sL7ZD6Hz0A6iY40WtW4MeK,4905c768543b6d2c359f4962eec8580b6434dc39fc1ff2da6f4e3a3aa92dfcdc,1762460465840,1762460465933,,,,6817
3EB024252A32BFD891D479,g32C6QBEAdJa8RuXtAlmOB05BTGUEvnQAYZA0Bpr2orXRTew2y  TidJatCWo8csgl28T4gOUVFTDM0ZzF5BPbhmAsaK7ltStLahe09XqBgvDcgJM4QU3yBjHgrux2rpb40TsKAwyNTshdW6bbT2ovcOm7 ULQ0r3fFGq65ZO9LQpBLMMVVlOVek6ciQz1CBThEqO3jp2bVTg3p6EkNmKixE2FcGOigHl2aryd1tZUxKRXQhaCP9vd8smbYzeBQQ7GPKOMdZ8TaiN9ehDOonFCCBUrSNPfsq495lRS5KGdHOMSm59v6 GLSZ6snwil3gRzTMV4UWyI6s YqGKNWRgT8J IzvwcGgVhukjf270tYLi6UGxIK0LPHvqZhPzx72QGzRQA9Lzpg9nApriQXWT zSuAGX125xDOB9Vg7yOAOXkyWv  j63Tm8Q7YQXwSYrSA9Z4NCcUD7RDDOA7hy0LYFDH9U qQGdRDho67VoWzuclrj1jgzo Xr3Gv1HOGuZ3Bhi7H Ha6f0D2euIVzhkoDgZXM6resvXgsFTZoh3TlSZGTYZmKWn3AeGBtH Nw2PryDFVDTKS3 nw9mUE TteYWl0CAkRw6TqmK BTjGzIm3eTZx0px3fnNZeusstLJYIgOiQvIBghiPoD9o2Ru1nPBZ N7lCDG5tI92e1Ut9RAJbIjwVkvSbWft4Rre02lGy50qeVk9m2bAe9T9LxpiysrKEqHIYeoBBwjz8Vr2n3exHd7Uuc0Sj9m4xPd6ei6HwgmgAKq6R5eMTEuNyAUVpJlAbXZktBOyw3gYLEI5 2U57eHhONlA7HPzt2XBMbu3wWbL42ln0lE7eKVD3Ni1nB26ZE2 hAcItQ24Ovmb9pTAPi47pJkuPjcRGQtnKkmv9ZBAekemzVwXzKSEIqYtJl8a0ApXQ7b2i3M06uXhd6Xd90L2d5y7xExnAPczsRz4gx 3Jjj4wwK2Sf2Robq1lWyK47mKNMStl9pXaKnlGD0xGE1h4xxReB7jWIIWBI,b8a2051dc871ce6e9ca96170853322706b0b870ca194f08e4eb0ab538563c664,1762460665840,1762460665918,,,,6801
3EB02BFCDC2503C83B6002,2MVvCI57rp0dWxCHJLAPPGuqekbYF4ofz82lrMg86xEh4LmOAsdz2clM4q6QMJ9uceLlsryRqciFnnemJ7XC3o6xHqtsCSu4DvhAiVymRuzOn0fFUt9a8GuH0pdCUdjGV0CnKTzOrEIgBAztMYVpKvJzytleLzcSLf7MLcv wF8OQLVzB8bQ2qGznIlBVO4kaCkyZ4BnKZC SE3WOhkOEB7xk0mEXubYcUNWIQBAtuj7ViDMMwpKawBzCJa5m3nzNHRt5WxNsiBubWJN qfogTsSy6YPvufsPBnCCOqL6Em8V8y6OYcewZUWdOmFNmbq2WwjABv7Hyp7dRCnVnrST8GEqZiFl30EJti4gtKjc2RfTjZkPe19LPvj1rxAf80M5H2ohsR1voSzqGCJ8A7hbJKE5Jrgd2vgbu RCt6UsC Uy44rWPpE2btoP85RgZDmBTLeDDz0pyYetk7yaHDaaNEoT6gNhYb979LcQ2TiJg84D9hJDwmaaJkZ9MGmqStqZjQaJ8GIzQmzrcAO5z5ugvvDRtommVKllRQR URXYLt4QIL0wIikaaJO7SgueYescSVddri3h4C4qpNdGGXJG2Y99SBxzo03zbXcvC59ECFG6FW752zzHjcNdwXUIXDPHDe5B hEdaWfLEhZ4aA Njwf3OmFteM 8f UJWPSHbOQ4xn lKVEXHv8RkZlOHV1qBqcJQyp98wutiT1XNkTtqYXxlZgA66ToB xL6YA45NdtsrJmIO6O0H9NOZ2Zzb4asEd94ZpbweudhAYCir9CPrZakaBmG NDUVsRJuK0nGSmFL3VRxKlFGLSPKGsbd1ewV1zBBjtmhmJBy0IyALwy6pLuXtQKJ0RiOV5mgrLQ5BdzojwcKglSXFftdtDF0YEFJlMoCPbvHgXmw49CJPgbB92AFmfPn4xR0JGyh4GJ16oMj8Asqb1TOzkjig4VmlZy7TH4CPVc8YewKi 4nmo89yTrL9CvlDvevLL616W9DBANyC0EpEsfPf5di9ar1z,6337e1288b1a5069934da199270846e78ac30f4098a0523968af3cbb83323470,1762460645844,1762460645986,,,,6833
3EB02F015768A7DEF20D0A,r2Un9J829esywIMzOsktdMy8DJleG762LjKnDQ5QKTIwVhb fngWHXGbdXpwWVyIdxpjl6Tox44SsJ2x24O7ElMkU6r7kuwpxgCsAVL3 HXQgmYqBRX6yTzAPK15FuGtsSsUGKDzyfqv3lTXkE8vBCK3hHyptID8ACMZ5U eteuuSCUlbzrolZm 77g3JKoEyzmi2YkiSp7ER3xd8WYjLZkLat90inaoFKwwyEl6VjA5E4qBi2T l277vICUaHaAJdeAOm CvlWCLY2lOtaABi9WFQEEEmpUfHS8YZbX46cpgjj3oLh3TVSgyMRNp0dKeLiFyTqewmsWT6ry0RKnCVMW2Gd2Gyx39MWahKnvJCv8fDLG2BQTUVz4YX95vvub8Xd1JMCWbNKyejrZvQcf2gXmCYvH8okdnUWFjSsCzMCXFXBgTqH82AabgQMKvtjWaqF3eMyvIy40ZFf6LcXYcEqRirZZrOv7Emtk7tYcMzbEXMmFwD7oXEeznYA6qH5ZzFOKJITqsWGz6ELvnEHKRxh f3d5jxZbr02pwdURfHvlSkn3optGyPklX4c8cNqxnI93fZZkGb6lNY8jEv8VLn6TIIBq M18xlTYyHIb9BzCIJrgbAacByXvhf2VaRETyLsys4fM9V BOCTkGjF7 HDYY8O4wM6l2orTr H1jXKJghtvzjoZaOlCG5sUYttPwsCDMGNlxylcw8tBuXYYfiwPPfHrvpmpOuGA1FKk0RAlhRrdYLPLNTASmdhVAKwFZSDJyxzLFIGe5hqFPm JEjZGC0J8r3QnD1urvkpikKDGiPORh20MmpD5E 1z8xv3pkeWd8pbMOIye8Yqx6wNA2RGG2rk9sdllbCIAU5QAnD03rhsEjL71RrQddwxPKFMfg9Hx3SJrTbUUzDDLhs9RotmQdmVy4hfoRWeUlvSVtfOiI097JZTjswz3rJLKhSB2sNwe284D0hz4i7Ri4N5 0xWMdic4NvCX kMra85ZsT0MNlL2XFFLsdzQuH8vonL,a27a38f6856ef4089494e3338c644917ae03cf60e1b71c3461591be6b9857013,1762460455844,1762460455929,,,,6833
3EB02FB3D9FEAB8550C836,TctW48dcKa6ErxPVBS5vbmd1VlLY3pGS5VvqjTknRwLKwlRcGZ9CIButtNTz9HbbxK6zjw4sFgwkaIH7TaZHXEdGJ5gitxoAjzaCVyktAMiecUzp3vRmuKjpOpzABaU6oH8YEkssWYDRJ5mNWEs9WB1PkICbl7oJCmGVDA9CGnivUM8JxYHOrKyKZlh4QBi2NgIn4G4hdhmUY5G2Qc5yUIGMExTF5Y taOUmTokjjW  qXPEcGX17aR5xu3RTs1nD74gNqcbylSFwfuyhJim3NiFYGqJ MGdGuHYZntJkbXozNML43uxOtRWpw0FIEPdSDWECUb8KP8nMXrr8AS8q1fY7bHwnAHDYl7hb3ChLovHXqqLma1Ld6o6eXfmWt83CM1gY0k0UMnI6XcgUTwawMlgiiA75uHEBOaugrCh3M68xnhAS09HPZQ403lhCHxhaXO6hpeLlfJaVtvRniazUsxc TwePJm63cjfbqaCBI4tYjMfGadBMlYa8TGEUh9Hpn3JLVvPAEOmLp23lw2c0CsazHBwPqkbBGHwDoVZsMr uE5RQ BWuY7LHrFVakxsSjBWY6sWLhCF6s4UWFfalHPK4VcLwUhfRmOOYdD5t1C3evzUQkW1ggKHA7cI3WVwN02fHtdwqMZLLYVssCiOARPd7frMvrS3YEbVXCzSDVAzj5E9yP0zm8cK95ZFiw6IaDCH8YnbNufA9Vevfq cgGGD6NacnuvBYNVWKtHcmnffp83KBkugZvPy9ntbVN 2mDqupzRaXJIFLkqpVzlkRFGQMsL9WHEfF2mLoi2ua61Nh2JckI3YtFfg94qRbb2AHR0Axh1mVyTMtkxE7dGP9 6IpK7kexOB4xbKMutVOz7s9SOfXGOrHHR6c9oqUU8ZpnUOxBcJ3vJ2ADBmO0RfnIH5 1h9SFs1rKwrFpBTup6ifbY2Umq4k2etDobLTAf8zqr177aaRdGIETrIm w1pNGGbJtk xz0EthUi0iMbpou87JaJJorBMFwU9uL8IOD,632fae814891dda225cd80d21b6651ce9077942ac7ceba803f6cf7e4bc8e4d3b,1762460615840,1762460615932,,,,6833
3EB02FFF6E5F69C6EA0EAC,"[Control Message]
Confirmation ACK sent.",89d4bf64477fccb9f64a0a11a3cbba3f60c9615790007823df405706b766b24f,,,1762460678656,,,740
3EB034085BB8DD353024BF,"[Control Message]
Confirmation ACK sent.",a8ee34e0a10d8afa3ff782133f001d447fca15038da590669bdd68322a23fbff,,,1762460607807,,,724
3EB041293F4B586D03DC6B,82vaek3LGUBmBysh8vwrxpIGhnn7sqXxepAxF8YmUZjX75SPTtsnaT108 JspAB4CfgqgUUN7BRmrjsCwfe7rr6JIiEoamWJPcVXmepHZfN4ovoCCAgfgzX5OgODTeierMs0Q8eIAUDMVTwU860 q1DasiVFjcr6IjYotVK2BbPU4pFMMzJa2HqZtH9JjrXAarfHH7UAuM71bA t1qNsE6a2XVraBDy 0lBY A5KZtJdfECUr2sFQ QjIFX8hRZ8mCtsMoOD7rxfrCTfgMi6JeVE1D0GbGnIUCtsDAtV7WErVPZPAJhwLSbUCGALZ4 WpLabs1StvuSmvmfejIJ9yv5JI2wVIgtKzun5CAjK1F5MubSywJsc8pcbwvt2A87XaMSnK3itbjUxK39NwKtWVuiNdseE3ln5ZPNnq0HRnsG31MD3Mje9W3e3O4pn9zxBlP6MnWCuhe tJV4H7zenu2rCPoChwKb47ZWou0dx4yJoEcYly59kHfbb78KG4paI516B48GdPsazton2e06ECQ6l62tqw2gzSoLZCcm5NKoPBl40Cdz9qQr9KlJRZWgmUhX7q2QTx7G4sEmNLhuHz92dsAexlzCPW06vqoGTC4QUzmlcKwBIZTBVo0Jeh5gWERluwNHvb9 AGVNlvcYupr12LtqybcrWmYS FKYaWtHB0e4QsLVb3N MYnveqczSrNk7KTIredoBUIQfEmLjzvNxc2Z7i1xAkEim5eIgdJEGHAw3pmQ4rzi5QiZuJE38Vm4gymVnDVKdF6idLUzBZ Obbqf60516k7Y4jQJ8KGuSoe4k59Bf8oytIkaJ1C8UwrG02 ENqd3C8kBjyyawrqFPyzjHruEWXQBBwjAHrXIrIashZ1zLDjrPr3BZYjO8bpv9AM2I6UCCa6vcc3pdxeq1 IH7oZs7zBUAIuNtlqnQzQj1 3E GhF 75BpmmPSLNYVAbOO1DByJdbbBViGam99fELHqroc5uSk14nNtSATU8NFcM8dqqTXcm5k73ro,3e9c2069848d8757cd6c0c96c107afc9b9c8dc19d775219919b56d03fc13e324,1762460545844,1762460545945,,,,6833
3EB042E3AEB72BCF20FEB9,"[Control Message]
Confirmation ACK sent.",325cfbb5d56594f83902a1986186c2e55a2ecdad10e44d6d7fef13d85c09fdf3,,,1762460449543,,,740
3EB043CD9C1B5C0D1DE362,"[Control Message]
Confirmation ACK sent.",e2e2f06323d7d2b01ee114327c47c88c886bd3e075b48750e273f06e941f4c0c,,,1762460517783,,,724
3EB045E8BA565E3B6B744A,kAEz7Zm6K1LE2oL9zqc WfuuRQbjHtldCuTIi1YvIGWDDQTYxYC b3U1OHblas2zC9XlbshQsjekOr4tg4ULuHIMvThn1c1nGMKkwSLUmIiEXnjVclHmIfLQOn9LaulVe7TfKzLRtQMFmMhMu3j0HaFkJ7MZWzGlhXo5qFXtyoyU S81n0M2uCdWXkLxII7W4dH7l37IpQy G qtXvgrrB0Dur7exdr9EZKzNY29a qFS26vSWyK6ObcACLcUWSSmSuWiM64vx7tCfxv3zfD7mViq0l1HcSY1VA7SH6pqAnPnxC1SLaXOyOmrLObw9QlNIV3ERqagsUWiJYncTIrFYLxifcOqjE5YXB8YExCWzed nfIQxx4XUwefagfEl0mQdOVgj1cRsm9lv8U4OsgmaV4Aou9buC7L6DgNMJzoANHNmFsBoNwigFpNMZ2EXaHSMP SnpX8sY2xs6BgPqA5xJ4sqqmoX4pP7coUjSlH9QD6d0o6lAMtkQglOWQQ8pY4Idfdpuu4WvNJzY SacfUdOpYequOjvMX9QkNfP0pwoAR6FfMIIB2Iclc8riipycRcNp5ljX9Auz3RTJpF8O2et15R0eehPYfXpcZzUOMeN  4W0Olxw1hIOyZKNvnIrQGYqQ4PoeBAhO78 2Zke3gzGyFhLda3O8GRVNb0gc1Lg09ZO8lCZS9rEjpdcoaccKfWeos1f6mUQAu9X4GZOYv80b4N4mHhnzq4b0isBLvDCh0XYA42PHb6BpVFHKTKYyQhrzZuOwK81wVlf6X2aIWAZHrHgrpGg2k5ZDng2rXfTmgwssIbkLLfATg 5itDbCTGdHELc04uUvHbUaUSyFxNc5ZJ59XYFjXmmcmy3DsO 7wCCTATKvmtSnEGwPCbTl1OKWMp7qK2N7ywXcHNfdRwFqr8k0qc3RFCjPUO7gFAkY7B6eRd3Q LTGi9xx Fqt SuZE4hSUZ5WjGryaJ0qEmuU5lXh74KKDomnmKKwydu99x6oAptzkWp3bLMrq45,63cc6d60acdfdc4988a0ec17525b44761261b578161c5cd2602be34277f632e2,1762460565840,1762460565920,,,,6801
3EB05F9F0052CD433674BA,sz4TFa VmagpJTeD9WlN6Y1A3ijxVlU11AqEG88ubs4Teq5ytLZ274JSaPs 0t4Wc0qAIKDlues4qrebDAyFC42UzJ9WJDTTqojcS7nJEAv88dwMDIFSJ5zzgu0R0Klcj5MTVuHAyo8HF71 X56HBM D05gfY4msH7Ppp753iXJ6i39bSqPd3vrw7vXfNwguZI08y9ABhBSs0UCAr Hyv16ey5eVTqo2f8KqelaG4ohG6dH3gjttou6PaIA4EYj4wl2YmvlcqF5kZHYSkvMyvYR3hlZxAQEEs5VbqMSPV8KWY8iiuMP1DpFzXLf98tHaL5v12J43ioT1inaU3EM2YVzRFGGkTrrZa8SD3Qn5nzBVq6PeK3wXBhZMJ2XrnAwtYJhv0UPekJ1YnGBR1wE2wL6rxvcQ T65z1gg6NHADhzj1KowgSvGIRgUD7hcAiGabjQzFKh03BVVuTCymVhqkLCGS5hiQ1QiLvEnS1VwVv5UFLUJiCtQqdyhNM0mn4Xet7Psm87VHHifTLzA1H0cDEch04VRHYujBiuAgecDgVnCgKN2z4kMLVWXi5fUZp8zzM6v9lWRRsx239KyzQ5DGLOLh4OxXcFajiYAeF2coETyX8m6ZnATV8V5Blx7pzWfQQ9NIB8zug3698TGlhS0uyraNx4xlyitUCWlxk6o9W635ZoHypNiRnjhJy36F72H8ZaVPpVW3J2yjnOZYA1q80leN5botQyr6OOfvan3EHGN8AQR5w5OpT7Jxi4D0ANREiCdGHs5Dw346 usYt9e7EtWrSd7ECpePB 48cuhlGxI9drUjt2QlBJEh 3Y5XJzT7XDq8dDJx gEweI86cASLo0 TnWdI01hNAIzohJphobi1rcz04imL0zbPdQ1jg66mDluhDwcgcIEUpcgv2Yg155eiWCOW54VoypnFwBBAqeUKFlyXGABQekSRyhH24U4FlftEvq2enveIfftKa4z6uMkz1he1Bc03ikYKGBk4Gbhgxtjo8s2rrInwui4O73,e8ec86bef0a1accb2980d7993c128498d9eb72fe880ec85e38ebd862a9560a7f,1762460495840,1762460496059,,,,6817
3EB0642BBCEC1D1778C7F5,GAhZMFGN4qku5dKftGnMbSNpVPBeNeQA6l3cMQxA6iFpbx5XAQF2asiy FP9HVOGX55erlT 9MKMnx8CE bM sAfLQ3RvYVVwGEPtLGa b2oeohFgiAXamwnuE1GeNkYhuaSGS5fEdUSIh3jr2Wk28HZ5xjTlwkjVnsd9qXkLRnaMI1NWYdENELavxJzkrpyrxSWhCwhcjpv 2kFwEnqK00JlSplXuRPD15rNfjUyNG3HwgQ7m7y oh1ycIBXN4LDhn JfFEy07j9xiMEV4ljOzpqXO8kvQrLAxNneTt8X1 FYSSDhEEQuhSN106kYWNrhcPJAPsCbQuTWNs18OLYUtO5dcWxlNE2mlx43zc91MfINpM5swmauAWrCbyzVLA9KzmwJ hLaR14tTzAkNDCjE84 Qz s9n1l9ojgCIQV7oLjAg4OMj9mGCrzq dEJWtU 431K3dkV0WuUCtk0vIeF f41XHH4sB3lafuz2niiQdmFZQLIwvf4jPyCiKMpE75R8NSfFTT76vW3eyvLkkuHIRstMmF85ohnpxCuH3uL3z8o9mDsJQawzBkLbG bfcMQ0c5e3FwjvzI0K dLMnvmM12u6yEfNp23tTMqkwEIQKDLqqfzqvuUu8VM8HChABDwGnnuh2htKJhJpew hWhiWxIc4qVcbv7iYEwdzecXrJsFFQNQoHu1VzDclJ63SpPSM12PIV3bqTkrkZ0So2sRnvLX kvAuqQ0BXdSJTgOJH3NGlQe29YLkMPlMwjJOf4cT2ypYl3RbXazgQirzw2nNPlY7cqjhQdr6mcgbTdNyPkgjOzUYHsToZMNItkQ1tcO5bks2iRAL8uAwyu12JevIbCthR0tqaDb3feYdTHL5O5tWcL92e03jS6ovkTr2mCsMswGtbd3hV6tC990b1Q945EfGI4K7ssDqiFzfPohXZdLXigAJxb7qQTwB2pvTE73Lx82UgFnaVmP0TuShRFxomPUUmsdUxrOxVpSriYuFd5XB3daYIob1hrI2Gsbh,fa4566bd8ddf9088be2213823884d7ed79ebcbdb9b15b05a70267e3090d09601,1762460525844,1762460525929,,,,6801
3EB0649B362737F6109336,"[Control Message]
Confirmation ACK sent.",6337e1288b1a5069934da199270846e78ac30f4098a0523968af3cbb83323470,,,1762460648119,,,740
3EB0663EBD91AF36C05FCC,"[Control Message]
Confirmation ACK sent.",63cc6d60acdfdc4988a0ec17525b44761261b578161c5cd2602be34277f632e2,,,1762460568006,,,724
3EB06CA0C86773B5A377B3,rzyMy3MGa8vLyrDBmEo70FdqFTyzg6oHznXqokCaXvksa5cAlGh3LQg6tXOPUheGsJ6542VNdUeMbtaHkS91y5VKoPKM9uj8xI4vusIVofJ18RmuuGShDkAoqw4m0WgY7gVj22X dncsYDqe3JvUNSHEhoOWQUv9Amw ByUAtxINDkUEPywh9Nl6MNjEG0jh0TImWJjGIFog9J03WEGctBQHdKgwvKivz1MjI8S4o5TevkuyA1aSg8LTOtvpx6 2359EBy4SJVF1xhVCHnNmzgZA5VoFwJq3JE0wVpFe0MBTEpeBiozkTcJLp2HHHBS66U38ILvJcrcfrMnJDIXZqSB3jZJbbLG1aYD63ABHUJ2bobXX7UtR7DwJ35WpETfVhgykzzBexrsg VK4vcOhhDE5FIndrr ywFHozHmL hJNNyLyEuheuzpvYsZwNfax1fF4FwTx82D1BCuT9tri6gbORNRkTgSVTYYMdb3od3Y P6VNB8AnvGZunySjNhYo1JMWKpolUxCNpf56YFEwOO246NiUV1kdyD0A13uqfA8QJzox dSFqqX02nxoSSAVl4qm0dZxHKfqrpdt7NpJ1MfLL IXtM6WUe9svj7f CDisnKSk8qmtW76u2G08N 3TYF0MougJA0pPBPIjjGPyqIqR0EgoJAuQq9lsbYXQ8r5vEs7N meDCLyCeviC1oE WPlC0JkONw4FpqqqiXRz5y4YTijr9434ry4 zmnY03iziI149rVT7BGuoWxSz5xIVBHCXGyJFIa4BF240ocZefdbE0hgRq5sKf0CuLjmwMXnMaXFw1VvpgkkWlI4s1Cejj22FRrugpxHLwoQROvmFX6EmScrIuxIKS78y6G9ODAjKnCXL490U25Ecx3mZ1d48DRe AiLZBrIQ rrMCP17E2s2ZQy16UBkjbTRhoEp6S9WhYTEHPtjsRm2SSLTkyUzf17apH6DNGzvXO7BR hVmCtYskalOR25fFl9QGv3Yu7QcFkV3SWj1FrIpvn3S5,e769774f147f0bd2213929a5c8d015064f59e189e29f1bbe1b0c0090c028917c,1762460555840,1762460555921,,,,6817
3EB077C3DD735C7D137F8F,"[Control Message]
Confirmation ACK sent.",e578f05d785df0d764c279d31c1e3cae6464b998001ed4f9da65adc4e09ad24d,,,1762460597957,,,724
3EB0879780BC3F630A851F,uZF2LFEJ5vkDCJ9wUgqR0wQ9ZjMeGPRk FukoUK3FFBPJzt9NdGohQ9bnpI48q7AkQMXtuknyshqGcbD2nbKe XCo4Ev4DUEPSt23Vblp8060Ii80ZQ0mzhDyLnvaD0GgRtSWWEMlDyp44WQN58mxPbh75ZQ 309Ys3PI6TQClalGoFYUyB7Q2hfKCNlQnHt1Sl M9K1MOB0Y2GF5TFCUDDb1q50NBYuJX3Mkq749aMCjxaDpwgQVrergQF7nFzlpPzmLHf6QdoI62Po7CyKgBQXaKH7qVvM3GPH45l0ZJlOUqcIrltBbRRRTf UjJ pBJcxt1 POpvkJBRV0RrgKsYfoX92 0sVBdNGrC1LYiviKeAhaVb4Gam4ZGx4BPSSuGryRlYbZ6cVumqDSIoin FDNM9ju JHW6mggv URYndE3V8I8LzAjdxUErgBux2CK7LCsW 7GgwRTDs8WVdjrUSkCMPJqQee0vHN4F97YkT0 nBz0AtRClBX3OeoNE0YAMlKmL1izwQJNLqDOTWymVp0zP0KGHdDbJoxiIq3yXJVHawI1OSiNDKZTnk4Pr9iidq5i7udtmOe6DH9lyPyajhYNT XwHu4qD 4yOWJ3JeTe4mNrqocwHhQqrMVzXARDkk53c9iNgNfUDw2V1weV8XIxjwEUt 9BiQKYQ6zJAtaHHyt3STVUWiyhhLHSnapSyagSZ 7PPRhv9mrfX61JG9BjL8VVpgQeIwt 02fJicTyWRK2w9ALM9A5Hnvv0RwYlQqOold 1yNmxHuC1g2G35DXapuWS9Qigau8DNUj6AI 6ZEzkWwkF35Z4Vm0ipwRzTabe7bahjkUT2rKn3GIQIE8VyJowycTs3mEt1p3u2Z6Px4cam01KCcDz3RQHqzLIqchRihsarQ6a1rzKM cK3WpKs18ZIzmfSkLAEH8v4gZuTzV7BfmS8hWcgiJmFrtNpwAEv9gFxPdLMfuLXCLB6o2QF6ymlBISzOopRkbIOBbqJXnHux7JT1U3sipKZ,5bacb86168661fabdca8cd5061bef1e54cc4262a2f8ae22d2f4bda909ef772b9,1762460685844,1762460685919,,,,6817
3EB09B7539EFCBDC9E748A,HBHcgAQNWUSUadAelIUUOpGWQPbRhVUJXYliXLFPwyhRVveMAFqAhVErjta0Cz8jsmp4cXzZwMrmkXys2XdxlsOZzE5uCYTaW2KiJ6TZo9S7bvQuPIWQuOTvXPlmAP xgyR0QTH1ztUg0OfjDaJJh3j23CVcGvT0935HpYFjCVTiaEVHUirdtOtJUxXn3Y 6gcB1ZTMV37cWhmzxuFSa1P5Iky6i8cQBhZDbPdHGOxvaexWz6gNRd2PtvOjEHuyh5vRnwGK9W2WnMbuyX3eBlZWoq6ngVf0f h0U5iEG3AhjFShLccZ10pTYP05dFbDt3LSd2dSaySmxIrdO9Ct7CKpgH7Wlg2LDkDa0Sl7LM842FbkjrFDSe64UhADPyFPaSlBopL60jSduZGs 7VXh 5ttG0tsx1vJKdXZjYLvjiU f5e2RytDrp5qnzQFlQvQzSMPBDcM3TyPWbwnMVuyJyIApXbNeLpEvsk mnE96LSFxWcD q5b ZtB6HT6K0OBA1LOTjI8avaHDi5 54pj05av3wl4GIjMrVBGM2KbDo80tIcR1whYRJI2BcX6wKUIaZNF0wqcLmANNNWSuvNeGEOo2lHrjqHSvlhhU1PjAx7kqy9hxKFZcsJjGhqkv2lg8f4O6JrtLX6K1qIKcf94dxvCyF0yuvQGnQ 6318HlyvjMMBXms00tKBwqlYoY6S7rGZ2oabuDU fW3q756ORiLj2FplnDSNfWP0 tgGUo6onB63Z3vIBG8xTGRgFkM1plfxiCeVkuUQATumPv8Lw7pUYdttIjddxHuiNeZqClqeeuYdpa UaZLkJ25NsyotqjUtInBcifuxAhPSKTK3DJGSJ77TZE2zVAKMO9rP0Wl3AHXuSY9T5IyKU5DOHUalIIvUsOhrnAp7kDVLPxqSe1yazL2PPsPy450uzIYcPD8AsDuYLo8RXccg8jZAGPFMoOkkly6Fi8GElXOcQd8ZY699MsWv8AlutXZOMKZgXT1OniMijuDUo7w9K7s4UEKqg,b6e28e93c90944d92deb5968bf4e96c8eb0ee3f80e67403d73a0b873b91e4372,1762460485840,1762460485929,,,,6817
3EB0A77335434875ECD079,Ig1fXJx91IH8A5q33JdVocPlzsYgDRqG2LFAmFxXjgbeg1LAfu4AEYhLkUS89ixiAelLMmLPx7Xcrpv0s8uGzRYUpP6yCwVzy5bZ2i9Jki6keGQ09fiWKI4hTKLOSq7H0r K71TSGb40mPIR4pgsBxNIFP0bblH42Og1CKqeqTJWPfmwYcVoeLrsUedXzUCh9Xoaz196yuAasuhBhFra nzXqg8kdmo5R3v1oUbE3BJGZSRhEZgbRTUpjKi5V3KXzXA3Gy6DZ6DTxentJoYCnWQVxpgYUYbKcZw09IMoz23kcrOkXJ2ftKRQejel7sqAMxjSVOltmEVT 0IzCYqEeBQcUS32nvcloDxOilBVGw6gMBQxzAN ILI yFOwQdMUPudK1h1ysbFVecv89RHVJLwHIlCh57EZUQGVWA164RnRRZ9dro8Z2uUyHWAx pLQupEnvuPYXbuAVYFHTDuZyjZ2RMovS2KFItD6fenqvEDKx2upwnO0IofhgJuU8ZW69VtgqrzfXgJlgir3y4wyB7e WwqA9h7sBvJyWFV7CBQ9Um8VucW6XcxLGcWV2x6L3bVB5lMOvBhhb3Y 9AsxgPxaxBW1W2o24LCi7qtjCjSkLpzGYJuYAkP pkGblGJmAdmNzGDjNRepbcKntonZf3Am4yFBFYpKIt8KvXVs eXk5ao LNI1951PXP9kPevTD4VDRByABgMVgjuKnsQn4o0faCLArsUYQx8QTlKG1MGKsc zKKd402sMDPn1v31D2ReB3A5XBUFi6IOhHTUg1ScnmHXzRWWlMaRCXsXYAUe9dKJKcqF2sL7Fl0e8UwRvdSA5JS3s3utCWw PJzaMv1rMK5gkVj5Hpoe6dTCpbUcafb8 JtaPABV61X3bBoc8YHrRDXLS5WjM2JBIf3BGGo19yrWaXI6iPfLZYoAVFVxJDquz11t269UGJwIrJQWj3KGsPczRDwZm8XSD2urLKKgNGNrYMrtaZGaKiuWpDzdD2rtpQLLPopwoLDN0PZGK,325cfbb5d56594f83902a1986186c2e55a2ecdad10e44d6d7fef13d85c09fdf3,1762460445841,1762460446141,,,1762460448468,6817
3EB0A85083D3075656B37D,"[Control Message]
Confirmation ACK sent.",4fb79002f56f610edc2b9604ae08b78ba16708a9048c664a7a7eda5d77ba41b6,,,1762460477769,,,724
3EB0AB471639B56D9AB2E0,DZXLh4 zr8ett5p4cW0HS1EyI8ES0duPdRvD7eE5gMAbZz9LfOuhevjik648zzJBxuChojFQNopd9CNaA29Ul4UI7wcKv4ndjYd ig3XaQKEUAihXA3cdIhnzY7aoTYyhEfeTFWku2Cg6e0tObeWnund6dmhX4cpae8Fh5VobAe6Mb5TCCci0NP2ZmLZmuPI6Wv XsHoxVykUDdxZMkl4N0n65PHZwqKg92FnGRAviU81fT80TntjMWjAod4hIowqe3LUF 9gOva42ClUnvedWDcWR78Mg6x9t1OgNvH8YGZsjjOdsSSkGjBoFsu2a3ZFqWG3tcQJZhwsq7E gkJqE1JcJg9WeGk8EoiCvAXLgk1DqoZLuS8jHUkvU97vEHg0FdeoyOF1OCbLCcCubL7oBv2XkCQEj633LMve3M9wAqP5g8tn8eu76pdjR4b4Fjfb DWGLwz4Xh0no4HThkyWVDzYslZfYDACMQkCnPQd5drynwFo2Jwn0l uLoT970xaVTemWZXMFIgzPlhFJhQxMqqN935AesjpgyfSLXoKEfOC4ANZPh ETS6UUpej6uR8wpBwrM7Mxz1ZwxV9UmkeD4AqQ6yrkEbfN2FTl0JeNLSI7auGeFkgg7ClNeAAn7 waOdCdZqbxDoy wI8rZjIVVVVixlWOwmwjWc68S8Ndm LYEPIfgNc9hDlg26Vc2ycNQZoZPCqkNLMBTLoRP0OqnEGxg4MiYHXx8EZp3by1S0erwpgR2bRb3w7qw0im5WtKPITwQ2hp93Fbu4yBLygNnDr30xIXLRvKLrDMEJHq9AfRUUgmX4D2g52 5ryalR039pqujUih6Y3O4AAAhjyDk54QZdr0wnS 4YtkTh4p8OQ4peHuUEulPGDPVdOOrmvznkDZxcFXyh9HczNzjAnMjTFwIDuPubuJEGXRHHFiCE UPM2iE2ElWbs7ARDs5c8muOGgQ4uTKt0Fshjq8xkkNe42bYwj SUqvOQTYgj0pL6HqJ1rSLgi9TVQAWRHAx,86fa868f7d4bbececb987b347cc15c94a7de3d14e920f7f04962769954a93774,1762460585844,1762460585920,,,,6833
3EB0AF2EC238ED9D882F48,"[Control Message]
Confirmation ACK sent.",e8ec86bef0a1accb2980d7993c128498d9eb72fe880ec85e38ebd862a9560a7f,,,1762460498428,,,724
3EB0AF585D091704B1B1D4,NiGuF179T3oOSFEENuawhzPys8qRNNPzjoQzi gBg8LClWWFe9mtxdtD1DUdxvsin6lblK3pbXG6IeyXgPaUNeOh5FaX4GGL1RyKKJWbTg5WuqvUvGdl4DUhDgnHTzNUZHe54WE6rzt3HgqbQCfuXtDvcUn LP3MLzd3CR mwg8j9baaIBCvxpJDMkV8R8JrSEIyleaeWXNAlEkPOKZ10flX1oiGTJEN0P0CzY7QPisMpDExeLkSClpQcK0unQiDuDKq2kaNxEABGnW ILFTb3TL9UvjAfX50VUoJAHyg1MtGdHJ16qiO3HVa 0B70xdhiaEdMujvbAu9ODmnt8o BpzWhNe6vzWurxhq1eRS pXfSeZ4j KgDsfxmwdUlfkjiNqKKC2rSPHv2bRQU3hIGEpQXg eg6l5LNx349ZezquKNSn1H7ZUYMC0TjsOioRCT43BDUTJJelBt7MabXs6ZeVvRBKFXmvgYIiSAORDdVfzaShS 9nG8Tb w4I7E9uM9GAwyTllBQNU4s3uP9aC6vAThB9g1r04oF1E48PLVdaqLw8WZ9ADlx bvfaxaMV4XUT7i44o8YktA5ejNgrdToYsyoWS pdCTFi025XwL2KaGpwEXa7NdllsfgxR3NDqh9WZ PKazu 9tqwY0kbPOXe2JJU17V60ftgR9vCSIxxcdfj21QJvFDPWO7CGAitPXnM2pIQS  gudnrJldcc3fKZpRlcO5qlXdri6N6JQUpwcynmIeoLur9csYYq288LZEhdQwLG ZTgKngBtJZD C4iU80E3Rt78pKY8Vokwe8mYF A2rj8bGxly1Ay7POjmbYonQhXt0XHrX GKQqvTlAO7B9FxLLVCrJzjeoyS9MQ261kbjf9JnqkMsRAxJp5wEXi6BEX0GxAMZGkeCooZwsXOvOl2pb4Bc0qSbHdozbClGuHxCAbQi9VaclMkU8TcnWWijk  MheAZFjpHWadV9wF7r7gYNOKyKJYQXbhzMB8dLFNKkr1f7PHiqRg1P,de8d84e815612c239118eba7a986f43ec3099a5500989d27cfbd08557c584622,1762460635844,1762460635924,,,,6817
3EB0BDC73C48BEFA545390,yROpu4TlWxOqHAzo0mhQrsE5ijeIjAYIJkabrF rnhg14y4KgVQUDvTgOXri2pVQBBoQjl5neh7KZy5MYALMYSLaY3pl4OGwNOaEEL5LrZlEtpeIwTvYCUDy6GTj0P9qwEzmaO2CC66XoSo8MMeror8JXgz6doYI9hqtnuTjSlKEpjkp4z2udU0UzoKJHDbYSAJr x8vCxjuYPSYIvk5GNZct0XRbB1aiX1foh fZ WO0bdkXBJEhnXu9zst5BrAmufPX2r9Bb6eLYlPf0Vjuu 0ohqKRSA9mpPpxrLtCJp4ae2OYoMVEGmBn1EhOSc3kW eMilZ3EKWB7xy1Pk92fxm0ISTcx0yRymSIGzdrmaFwakMmgryTofSN7FZPGNlf7bE3XUSvVPRDYW3B59fChjYfDRI2eHqu1MDPi0wxGR2DH7MEdM0n7x4Bi ET1WiGgScfUBLbpn2Q9I9 6bGAUVjRG4Ta70Os6HL824I5e20edjEKUaYkJY9Skdj Tr5xwhmmXS0U4lWQa 3dN2teK1S1PFMJgnWHA7BDaOS2Ft4h77A9z8I7Mz7I2Ono6T5573Zu5XtlSoLvt84gRakNOXdZ01qlMfh5yqSWjJRzdFXQo7c7L3zskxZ cTHpp8IB5WhDp5qHppMfZKR5ZeboA6obe6Qu7ckYvi2qUTYKMbOl5WOlVNzGRhwWiw qZoLRsUuTEQyK7wfxQbiDa3K3bRMnJItQ5QcFjljem8o92vxpsPBYxiRxdC2HTGOAe5XwqmER098hEPXM2WY6lYa07JJff s1jZ3EBj16j GOFSIy gDgGPW8AzzsgCeP5eCYGA52ScxDBFPOk9fHyHv6vqTi13VK20BjrN3C 48uSevlYzJJBnlzwLTLZSNPesaDuWxujEOPhddNBNYwSXSvvASAprtW1vZnY1C8xBcuFOEBGqDxvu JvVnBFaCBc8qR4IjJKo6fnDX5CExzlu9fx ERGKxaH6eCEXzrwGEhS7XNX6iJu8PKoVUYVIJBF82,58f84d42556bcf6c840123924ce253806655b9e699f6f9b3dfd9922436883f25,1762460625844,1762460625948,,,,6817
3EB0BF02631F7AB1420182,"[Control Message]
Confirmation ACK sent.",7e764474d84063741a6a7775d5d311ae45269070ee4d17d3360178d92fa85a50,,,1762460657927,,,740
3EB0C1D2591244700035E0,FC5gS3DhC0ZskJq3smK2egUbBUsPP10YAbVBPw1cdgnuiYJqzrHW6hzz87GqXBkkHs6I04Fyls7OZqjfFTXxT5b42FA34q6AOCZp609pqPqNPmA5ovvOfU6xXrJWvvgmtQRbLhYGzDR8IX33aYF4b0R30qTAMvZyaULNqF5FfLgWEOPhDbz0RDhFaV8PWs2UNXw86V8D75G8ZvIEHo3INxQQ0K3mBFEIfEW2pKGXwiVenFIko a8Z0yY9zyd2EYexyX jalQc10sJuUAdMe0vWD65vSQWszg7iGd1j0P8af9NWV9hJ9J47W3ru6PEKO cALq1cokwTlYdozP5QaxWslOy0F0oVM2fGBzxQGK521khE5DgQKoTQUqZemEFx9zaNEmjUEwMYem4Svkyy71lq0JuaJGwkE3wdl4FN2L3h6BqJz5JJtpKCE1WjS1jhjxmFLYtnN3qd1sE9KwyUAP3IjCD7G4xgzuCqjnHSaUG82FrlvkcMrWVQibVmdGEcD2dKSTSvIa36PvLg3tnIwQ3PRKJY14iwnxNeouRpj yQvW2sdqW GNjyXxpb4HskhnCEdIrJvinQjR9LnxeAeJa7HJ iPM6IyMB0DGdUtun Omet6w8zbqEFaVjwQP8smB6T8PCE3C5SjhlgzyxMXcp272jPS1So6NECKBjJGJBxzmmPK 00ffLPrSc4TM28f609fXs45C4FoZR1tWrtYwlKQLUPukwvCkBWq3wF6TCCdvKwGi8ivOqAdGtmCfgqnjhtXBS2wJO41oPAthnB3umbemK51KMZGujgLHcUwvyTWDfV8MSaYgYsslSqrqcQRzmgSUhWY7eAArAwNYAOwFRVEvOsLRqpLgKNFxQ5ooFdUbrSimo5DUJDxU3iav4WwWlC uhmNq22dUOSSN5ajRw7MNSQDfAbtstsl4o9NXKbYvCmDYByDYsO6liQPbe8XAyYbTOjR0bYLqzM2fIuH2jeGQYGaWiiq0DKkRjOdG0YkRmGmqjUj2MNrm3PVIi3kc,35a96c8f07e4dfe061df6f16a09fa03908d9ce9db6b7ca6ae0b408a39a85ad48,1762460505844,1762460505922,,,,6817
3EB0C4447CC1899D7B1E76,"[Control Message]
Confirmation ACK sent.",86fa868f7d4bbececb987b347cc15c94a7de3d14e920f7f04962769954a93774,,,1762460588030,,,724
3EB0CB42D773DF3D17CEB0,"[Control Message]
Confirmation ACK sent.",58f84d42556bcf6c840123924ce253806655b9e699f6f9b3dfd9922436883f25,,,1762460627950,,,740
3EB0D17E329CD92490DA2D,"[Control Message]
Confirmation ACK sent.",b8a2051dc871ce6e9ca96170853322706b0b870ca194f08e4eb0ab538563c664,,,1762460668039,,,724
3EB0D1D9DB8DC82B79F922,"[Control Message]
Confirmation ACK sent.",5db0c952b2b9c2ae9bb5e835688bca9b8482e46d3e6a51079a3d077203fe9609,,,1762460538066,,,724
3EB0D445DB90B19FAFAF08,"[Control Message]
Confirmation ACK sent.",5bacb86168661fabdca8cd5061bef1e54cc4262a2f8ae22d2f4bda909ef772b9,,,1762460687902,,,740
3EB0D97EC918307B194A6C,HzZA7aaF23xdbaClgoAXIRkEyhEBpD4y4rdNL8RAX Dq4TiI48tTGZzZw4P8ARBMh1Tpi0wEx8QlS8gfPbfBz EoquDH8hwdVcFeTPvJtaqNhi A Jtmor3TYNkchl UqV7Oi8MFj2rzR5t8xoDQhjrVWm8mjw7LhMAD7LMT3eAi0nrSR17eMFoRONBFAwqxFyVO2Heb7j1aYl4uDIfq8zNatPQdXEZRUzMuFlJPb9fWfIddbmxfVn2jPL7IyXdRfDZmJKHF45IrS8Gjy2BhtkFS6HrwVLwWTaU3JqrwpFZgnDi3HUXTibHXR2JbrQ1v thHtroVInFt68MJ7IazF2sdgTuivGbqN3JCTwoXnaaag3kjJ4VovfvS4UlGmJH3SNeTkn9W0VvJRQtFqZojIqO4yxYTRimqpzGTS4wx S6rDMAaQPPyRW8eZwigUaQcq 5gzHIJW5T5qdlsNxardterWMsDxvjVpANOMWRgOby gvcGLFBGmWcPnP4uFqslKxYAuAHq4wT7Nja8yNwidd0DBjC S4redBBlueifrv47ly1MrAZS16y zFaRzuT1za5Y2c5f2wd6wEnPoiYiVmspKGRSJKnPRfrAm swqb0wUleerNHRrCGcrp0P 3FZuqrRLVqav2tQ rPoMzgLXAlOEgboJSZnRhkm0oACrxFFv4Vh064djWbi0RmQD34vp5eIg4sLXXJat1qaTUsWrdQ6rXNBUkOXIeq lQ1ojiRs6piIvDPw3pu0QO3VQgq50Ad26SxqtjaNoF9DWs9l2a5kAxK0xfsjqpfhv1tecEggKTNsM fP1WBuSFTO7tdaHk6JiTrThsLQQTLVBIWhgSTzWyCbLc3diNP07Z5fHHB40m9GdySLM6TcyJngOSMfPJy2ITeoXtViBFdtKsbHhpRpKQCRciqxT6bDiDBGuTh9ZfVpQeUlmQ3u43yGlPShScBHLjXZbbA9hbgnl5MLPGwycKAV74Ts84xDRXWk2xkcLeSka8ChzrYucQeVeHe4,7e764474d84063741a6a7775d5d311ae45269070ee4d17d3360178d92fa85a50,1762460655840,1762460655917,,,,6833
3EB0DDE19E1F368AC13C64,"[Control Message]
Confirmation ACK sent.",de8d84e815612c239118eba7a986f43ec3099a5500989d27cfbd08557c584622,,,1762460638394,,,724
3EB0DE8B60134831AD7573,UOGkD983Q189maplvVvhDNLkYbxrURVU0P2YUT4hf08HydWkI8qCQfaI0aQ7uMGw5WWAsj7KiIliMPHZ SnQwfKKtccmKHYHDmThpWIuIRumHQJi7XZmDz4En3T3aTK6PW YfGjGWbbfyhXDpR8oVNfObXouZSloIcIJjxXd9YRxoOw0mn3qtjLNwcQZzzqp5zBH9WddOVkE8IZXRXZ9GrrO4di9Ql5GBY19ccKrEi3xGpEUrmqzedl5kh4zHIXB0VUHX8rFHFZSqOw5GDa4aj9THqylKoRIibAu2kfUBBNzCKTwsHBZEyI8EvPYD 3Tnr2eU3my23gNWs 0RFasAst6UqJ5QdjduoYRv7EpibijL5nu8FYHf8zro7h77IRzs1eYF2rwidT98mGYq4MYGsxNBJEydPYYA4EolDeSYtl9dTDV2vdplm4lm2CAXHxz9WvqwDGmc7dICcBooWF59nY52kaBVL9aXdaXeh5eI6P9jcQUlw0BU9arcTKL4vCpSF6c8pfFTKNxwjk8AeUJdHJz4i6C uugNojy XBNrnZwK1AcM UwFDunbrjafXuoGB1QOJkXlWDBlbMCWrHSIUgPEc8USXIfrWmCXRKiCan10pAq6RByxkuXOJl7M1gEqnSCGvmSowh4Ad1mFlpIyYeeqrThgl5rFJ7CZ0Q6up2RPLaV6 XOJCUwn3FMptS6OnBIchfp9sDD1nba9VPFyDi rKTAtpOhXl4OgQKWhPcxKXHilxJB1M1zGlcDm4yYiTtvJYasVhdKWU1ic8s9dYwXvTsypv6YKIU vxOa JNk0RS6ada6lrA2ALt rc3zjji Iq9a14yvrHXdc77w0a6EOpz9yzF3lq8tmodFmPJ28BmGWEoj9iXoH1KKuwGo2umbjTq NQDcnZma 8j6ZudztqLbTBD2w3j416hsGY2DftwxHra3b0n4oDl6R8lcYVw5FTic5fbcVsMdGHCHOAQOfYkCraUOKA8QeREyxlSjuQ7nFXUvakdNiJFZQwxA,e578f05d785df0d764c279d31c1e3cae6464b998001ed4f9da65adc4e09ad24d,1762460595844,1762460595930,,,,6801
3EB0E142196072AB6F05EF,"[Control Message]
Confirmation ACK sent.",4905c768543b6d2c359f4962eec8580b6434dc39fc1ff2da6f4e3a3aa92dfcdc,,,1762460468146,,,724
3EB0E28E545F6489FF34EF,"[Control Message]
Confirmation ACK sent.",35a96c8f07e4dfe061df6f16a09fa03908d9ce9db6b7ca6ae0b408a39a85ad48,,,1762460507772,,,740
3EB0E556D10D69AF885D7C,"[Control Message]
Confirmation ACK sent.",fa4566bd8ddf9088be2213823884d7ed79ebcbdb9b15b05a70267e3090d09601,,,1762460528437,,,740
3EB0EAE42941F7DE4BCD91,ZNph8n065hDaZhG4rtTSSW3Jc34ovOzVRYZuta1cTSw9usdGITze3nCtxjw FXuvZph76zSIbGhpvOxCa4CskCCHER  EAKWorjV5RRvKpeW9o7ZiypIW1j7cR3u2ygfxAfjBIYVvJdVb9KdB15gNt22RHC1Z4oAyT4MocJrOf7N5mizllQXnVNTtfcCk7FMfDvaVq5nKf14eYyRwxrnokanZt4JUtfHk E3ZTO3t4kcQDiVqz3Ix3pvAa257meliDvMcfvfuwAlWAnV2ua9HromBz2euW9MWOXO6RaOlJrjtK72zMbfXiDpCL5hp8aW3FDX PJCDX6ZoYnTOPFA6y1f6I4PChttOvSvnWEcvXm8TjsK72rKYS6hqlOIdMeQ4luhE39iqUA2pXStHFgIQPOYG 5HGbiXYF4sl8b N60Df86pZdqzb3wd8uGhtwYV8UAMhlLr9zT9gLAGn478Vtu7iEZw2U0sU1XXGBvNly4XwH2Mkn9VfgJK3PG9pYUaXlHAGRhByNtWNiOiSzTdrwid7kgV3FLNQYbO6HZKDixQEtxawgePwOC W3i1i6Ow5vONEcmeC12xDu2vTdJtYIyNYPEhBEDIgp2BhxLu8CJGMKRcdLUKHbfyYQ38gMuzCWXDqd5GXw3da0fMQ3KfL1cO0U t78TkdJPzeXeLwpBwVpccU3iSnEqVKa7vZmN WnSCHk2xrPq9OwuwKKpAmwVCTRT QyPZ 2i97H5THKhlscUqHjRt9xJgXiPs WdmIsuM0MYejhzZ m0Gb1CisgjtBYMkbcM4bDYmOEze1hQydb02jYEryp7bkVA3maeB0eGhvwljH7Z3H9l6f3mBpmd1ST0w8KALTG0chl7SjFYOJBuSI6Vv4Df2X3IC16nk10m0wHwpHV0VySltQz1CA64pbKchupJF5qfaYpz9YlWZCexMNhsLr2tJB1R3AOduHxw741Kd8TdGyp3Kj0VLxckY7oFBeWxNBKu KBzM141sXnDhDpO5cDT4NHGuH5xd,89d4bf64477fccb9f64a0a11a3cbba3f60c9615790007823df405706b766b24f,1762460675844,1762460675921,,,,6817
3EB0ED5B9BB81AC06B72DF,"[Control Message]
Confirmation ACK sent.",e769774f147f0bd2213929a5c8d015064f59e189e29f1bbe1b0c0090c028917c,,,1762460557987,,,724
3EB0EEEF04D7184ACEE454,abn9kPjWaUXWrgkbHwvTvn8v5ArBmoeBCmxsrgKMDms6uKDZCffpY4nexAkna42dEzpgwGScsrRdRW Xq3fX9YjpwbGKwZDZuUU97LvPXrGlPZiGzqLbrwmmZK6zV2KyhO1UrXNPjyujfDags9l1UEhV7jXx3KAzgtzfr4D7U5IxNghGalo5OpwHJ CXLRIZw7bWNEqsEgRDE1PdJ78urd1aeaqc3M2y9tBYmptYMY3FhIEgMZC7FN2Ey7ZCcjOVamf5rYr75o0UlLp6IB0syNaVJiEAuLdvYTG0rB4ZCkpZ7xnuRslpVowYBwpUtHDjrbvi98EtjlDFC J6X6n5pJru2Lghk6K ID6I2hFstasrPZ9kU2PRATdE0MfGXAquPe ExLiEsXRYJFA0elvuedH eN3uBBYQvKTPJgYcra7aJd0S96t35CkTqnIuvOzU6oGHhJVEKDrGTiGJx bQzCDG6UBxWaTw8VLv8xYocDi9yBMP15AS5CZftjv8cR uuPRrCgyrhBqLIqhvozoxd18HmALjm3s6hGf0IwTnM7 to GYFZAo9GjD2KASxJOSZg9V nnj0f1yQnTpvSRwAdaV0clkZPAoMtgM5ZATbvY7EIRSBw17VOo9olTGFHt1uvXtitxcxD2Eq fUDC22BB 0V91kX6OJP66Ni0xKEq0wXrCYzAF5wLf ecMuPC6ddHg9ZZs6f52jX Z8WgV5JbEtJJQifXBlPelMK3wqCtAaK7HBn6vy0VMgdWWbFG7LzVfZaGrJhE0DZCBxdW1CT5 xHpdeI0yVTdcJJQ5ECmm91EoAd0KPF3PtEgk7VZjHzT2x6QfPLx0InFKCsC7dVrdlWAEE1HOwDKnN4S5LWqXpE6yG0 vP6L7nOtfatz1WjQlU5azSbwrpW94KsFx8qdB2vDklBjaax aBKCvVxAxjMSfyBgAHM1Mwpu5V9y4wgnKrPCEH5DBqjn RLgkI5ogZHZTDpbOw7 kseZTY1SQf3mQ20h78hKveAEQlgOiI,e2e2f06323d7d2b01ee114327c47c88c886bd3e075b48750e273f06e941f4c0c,1762460515844,1762460515956,,,,6849
3EB0F00A43E1571AC0487E,rZn9I9lnuUGzpDbvvAwAy22C hNq lR7hcMrqnkYkzd2drYinK5LPSwwRoJjXyLKJJhodsG3SRTSde5l9sUNhW1DC9U4iUuwcYxtG XTe8toxJWALXigyleHJuNTQnuzjiwdgaCg3U2lN2GPI621MxBDxwcX0PXcZM8waXqJM0wI Z0xn6ea5Z68pi6ymdQ74dWuNDzxR9PXSDatxdfMOhxaco4UyjaBIV11pgpUxesGTnM0F 64RgVAFBiXDyCImtgaP33L9s5VTMB103aIYcrviwKphGAImz7auLZUoF JrxheogJ1DFEo0EOYnipXgap0gZlW UVo0rLLFXrxd sF7KdeVydeBhbA4Nd0qnU0NC5nvuprq70pWPIQ55Oj1PWE6SyQY18qEWUaPqdS37MoKJ5ms usneizeK1FPAefSJAlKnREUtMQNENpj5lYyhj9pf97pa9TGrSJsrH1nGCWz6UaRTb3hWfcvAcJd3o29mNqurYlg1kHdlYIeiuXd3MXlyNG7IgXqjVEl2tHsBjU lMrOevaWTV8IlbshWGhWOMrwSh6uQdHD69Yt33fG6Nb0VLXTqhLimNmAPcBsXk2ZXOsAbG54OXcLUfmDIy6VZxrdU8W441giMSLmO6qcjz7D6pbSy70vPk0XEBqSlNSvf9mKOmEhYpyAtB1Syiy6SvlABnumFjJamqVJ1uKi5nYybYOFhFyRpEltB WrRSIw0jYurrCzimB6sP1IRuYksh3fuTIYjVoKmJddAoGmoL3RJopwsvfB25eux1sOMWc73wYuiNBppmbK3DN8mtIPj0HlUOlA4OSDptGvbi8EqbDHZzo7ACpUapP1LQLPHzor4adNAySanu2Fn6trx6MJO72acgt87JWhjKm4O8rq P ICnBccFEUirnRzJ98unusB7Y7vJ36O8csc0Wthb5HIq1AkF0Igb6cD81ThvtRL9PfJkwB1eNmbhhjPWKd nMi8ka79Q0unPWm0NHu yeBYtifosvha qKn1A7mE5,5db0c952b2b9c2ae9bb5e835688bca9b8482e46d3e6a51079a3d077203fe9609,1762460535844,1762460535924,,,,6833
3EB0F16C78AAA8F7CDDD5B,3s08JrTPl2DrQzAXpWRHdYWXqJndz2naQpkog1KpRrhamxDiS5vsvDQFZfohn0C3bCg3pzLLAwuNev38O6P1NP50oxw3mUTi2Uw Kbc4QbRty1L9SbC8vx7gSIMKLweD2yRg9F1ss5oe0oH vkpujwGi061m0CC5 1kk6JbYL4Ur0zmYNvrXe378J1HEEkQUnwpwRE3obFk4km91c7v6EhdNsF8VHGEVpw18F11q 15RpPBt8bM03D4XLZ klJygY7XUNK sUQjAtXXpTSXQnBvGxsWnPrz5rpyaPl7B31XiUv4zMGTKi44aZKLFvMJRLmFDRNC3WUAmHsiP52KJHAuMz5nCAW0ayyeIHmLSIgzhwpZIKx63ZCTQ48CSwsk2qWO1UPKKlkCZwUxggwnh81aSA8fRzQSy5MUXRDDltPkj jTWw1vwcFVtaQAskXUCZJNqbRulVZDczXoXa0D2aZDSI0eqrV tjaOPfK3tULEvJhgtY9zls8bDWfiKl0BECM2dIFMI yD549NDcVQvnC3cVpbzUIsL3GodS1ukBYTTXGvwEhShfbVoktNmy2hyzUcaCUXAgfW6EnxlxrUDM0h2kJ3eJ uRNia4T451MtNlTqVylTrT19cgvacubId3VHpZlvGClF6G6eqnZ3chIi7ikpXiw3BucXihIpvzMHSG sQAg6WWiRVzzFsyHmUyN4carfyOTp jek9mVMz0fKWMka8Gd50GLwNQk7rY8oKbe1Y59wa45SJ80Ck9NoueeRq9NIOiWOiZqpllr1ZQSkxbqUNcaU5btVYmU5bVsmksD4z9fvauWSSHDDMUl5u76hjWoU30SkWIWDbAahV684P8f1CZDv0RfNIJoQEjX1E0ra1mcLyjnhLwCnAHPBmyCz1Hv0CmZBlA6ciO cneyjZ CGHMatIW1v66zbgnopmf2CT0s0OScO20Q23L83mjpn4R3PqwQQDGryMTgJUYbm4O64HJeZphmsTCsKgtbRNpImJpJzR4tifARtMbBbYs,3238d1477bf8636e275e47600ccefdfc5245321ce2616701c0955eb1b532b02c,1762460575841,1762460575923,,,,6833
3EB0F6EF272F12FED0CC29,"[Control Message]
Confirmation ACK sent.",b6e28e93c90944d92deb5968bf4e96c8eb0ee3f80e67403d73a0b873b91e4372,,,1762460487868,,,740
3EB0F99B181FAF0789150D,"[Control Message]
Confirmation ACK sent.",3e9c2069848d8757cd6c0c96c107afc9b9c8dc19d775219919b56d03fc13e324,,,1762460548391,,,724
3EB0FCF42C0B2094AA0037,"[Control Message]
Confirmation ACK sent.",a27a38f6856ef4089494e3338c644917ae03cf60e1b71c3461591be6b9857013,,,1762460457686,,,724