id,hash,content,ack0,ack1,ack2,ack3,memory
3EB000548D16ED274C34DD,070d98ff575907a5f23822651324d99763cf723780993d7b462dcdb070b166e8,"[Control Message]\nConfirmation ACK sent.",,1761519794068,,,724
3EB001993A68F5FB890083,1ba15ecbd0084dc41cff25aec34a8c347801598c006f473f56427fca6891d145,TyGTOSebM7ZdOdOp1dcGcP,1761519939610,,,,2735
3EB001DB2222BAED67D63C,415388c651c087b5f5dfdc9eae0d63b8a507bfa78f203b3bdd35e755f082b782,"[Control Message]\nConfirmation ACK sent.",,1761520032150,,,740
3EB00430F52E4ACD623B7C,d7c7411f20b49f915650ecdcd7348c3b284281034ae6246406457734c011e8c7,"[Control Message]\nConfirmation ACK sent.",,1761519828740,,,724
3EB0082C57296E5999FAA5,e335e5118d76690f3b76bb7833ab8895108a7850c218c7627466310e2711a46f,fiK8cG6su84pMewQWs6CVOqgRlTnXoaFOGKr1h,1761519729636,,1761519765712,1761519760776,2783
3EB0091BBE959315DDFD98,e6de60d8375765075b8047f8d5ba8b1835c96504ac1dfe237ee2e034f5ae2db9,"[Control Message]\nConfirmation ACK sent.",,1761520091991,,,724
3EB00C86B6C47C9AF333FB,c60582be17cae125b4cb713022ebb52a6e387b5aa3d989d2fdc9ac41547efcbd,MyxZw3eXN,1761519859618,,,,2671
3EB0169F2FFAC34129C22D,3ffb8a17e0878e5be56840985af15a0aa693c4ad607a3c25bfceb874d3be8210,Ple3bpGjGxPEuY0HsyvkqkmX6GHH9b6OS3wSuVCFtd2 rAt6,1761519839609,,1761520140166,1761520147815,2847
3EB01828784E6DC3CC3869,7d116ebee5b29df681f475d37699cb168c5d49d67398be60c87b8aa0cb181c08,lsY8uhsHpIJ,1761519944774,,,,2703
3EB0198CEAFB5AFA977B19,1db50fc4c9df808287bca26d63dc78b4a8267d41e03dc125e27c48acfba3c805,7RwR70T1MZdGSUcsYfwMo1yQuYGrujG6YiSnn9rcnuUuz AE4LMW4H71Hcvlld2yxM,1761520014721,,,,2927
3EB01B39D7FF47C4D05734,49f0939b2c48337273e7a474b8b2415c76ade522384208cc088121df36eed55a,"[Control Message]\nConfirmation ACK sent.",,1761520074462,,,740
3EB01C7C5C454154C6DB3B,c8924ad0db61e862a4e0a1d2c92c647b6837bc8b6c9fcf0077b06872f43330eb,JKvUBXyNCYkNdrWtscIo4CU6Vcsy CeYBEgtAGg ZvrBzkzIEU3rW4PvnSvkZVDG5kw6,1761519844608,,1761520165979,1761520166114,2911
3EB01D552D14629240A667,e00b38a6c82beb1f3073c96f89547f8bc0a6255516955b6cd17fd6971ca015a3,"[Control Message]\nConfirmation ACK sent.",,1761519623933,,,-Infinity
3EB01DA670E7E73A8C1FA6,4c7e0c9a78e29c6d3b6d258019c366776cc24ea895755e1ca18d870f33aef88b,I9QhF1XisyoIAQI44eZQhxTiNn9Xe8DBMQEr4g5X0ixIlhRjNaHLUhETSAfc,1761519984637,,,,4731
3EB0229336B5CB7CDD4533,e34cbb64634e1642a24acae2c7689a7f056ec0dffecae8ad13157187a12d7dc9,9GeJU4U7v6c85aQ70v4HRJBUfU1a5 LzQAF9VnCeQpUpgc ktZOF1,1761519874733,,,,2879
3EB028C89F976C7A59C838,443b51c348edf868ea6e8d3469761932220ee0d967a4f4e92284d6f7f18f635e,"[Control Message]\nConfirmation ACK sent.",,1761519707913,,,740
3EB028F26F37F210D4A9BE,39086fab47a22861b6ecab068d4e92db8f9aef14fa700cc9617b3c97b3c5aad2,"[Control Message]\nConfirmation ACK sent.",,1761519720065,,,740
3EB02B34F78E794E42ADBC,4abbc0a10de604d5779e79d7a5ebe0a06907e0180bc8150feaaddddcb793e1e2,rMYo2WvvD338315UiI,1761519744670,,1761519799564,1761519802884,2719
3EB02BCBC8962FF9C653E3,36896462c610ede8a6668488113dd2fa4cb088d079ff3482104c642cb5ebcc05,pQuQb2BLGz6z67tRzEuL1SgsqmJGjydLmQhchfAzDP61i7PPLJGTGpXwPegec8kn6NfZjDplM,1761520079609,,,,2943
3EB02CBCAF25B97EFFAC52,4fc6e117af2635169747cf03f1383b968796ce7fe7fe58694a7eb507137c7cee,sIyw5F6NWTljP4xD0vlnYoy6HHuAXV,1761519814615,,1761520036500,1761520041724,2751
3EB02E685E785411979EFD,ea111e0a6d392f5d79a7c699de61bd8ba98efaf6b856b728470e7555c5acd9aa,CcBs,1761520184808,,,,2655
3EB03434060F8A9E0160E1,555f86bad0b79bbe0b826d8145affad8d4f582f22658ea3d1fe87d6cea0f310b,PJg iFX5EVL8Pi8iHu7equAwzdOn1g1hKLhrCRKXkzj3CN9FxicWonIV2PHIKXhXz3YX4x6lWDkRrAX KbDSt,1761519979670,,,,2975
3EB0369E0F48FC8CF042DD,32efa58381501551faec3dc6c8844111531f93eec318a7b8f54a6dcdc5f6d617,uepMZzRqlTfWXXGGukOlLyzWAKaYrdlCAUtibV1S2HpPC6bvDQiqkfjpdSTUatibYeEDhFlgbGogD,1761519774691,,1761519906557,1761519908201,2959
3EB0386F390F02165620C7,34814ae220b338e45dbc792c71b25d63421f2cabd70d1c6feb82a35cd06de5b6,J3uPEkM0tMb13ISh1F8o,1761520069613,,,,2735
3EB03AF041547AFE9505C6,e335e5118d76690f3b76bb7833ab8895108a7850c218c7627466310e2711a46f,"[Control Message]\nConfirmation ACK sent.",,1761519771338,,,724
3EB03F12755B09D4E2C549,5bbabda6014996f7ae51afe3bf6981cf13c26ecff810f8c51a71382572d7cc9c,4eMo9QbXNwdYYBHPA,1761520104610,,,,2703
3EB03F92FDB40D918986C9,c8924ad0db61e862a4e0a1d2c92c647b6837bc8b6c9fcf0077b06872f43330eb,"[Control Message]\nConfirmation ACK sent.",,1761520184014,,,724
3EB0404A1A62761686BA08,fe3101363518afbd26ca92b485decef6f4766dc5c6e93388a1082c7d4a0976b5,"[Control Message]\nConfirmation ACK sent.",,1761520012520,,,740
3EB043837449E575269870,da8ec847070314dfcfae8b155e90d3ed403951d8dcfca7b5f24c1528f15896d4,1jQsanBguW5h7lqdF9ser5jwJeZXN34tC6Pr74H25zOyzEmkV,1761520059670,,,,2831
3EB04489AB1C66D06A1707,7a5ecfb7eba033a7e99bd2003be9e64518e7b4f550b7e4a4c54271fdd9e9de8a,kgGeKeVC5DbnJJI4t8MD413g0vQKdLHrVxBZnv8jK5xxMqiQcQgNk,1761519919683,,,,2847
3EB044A5732F097EFAD816,e6de60d8375765075b8047f8d5ba8b1835c96504ac1dfe237ee2e034f5ae2db9,9,1761519824606,,1761520074267,1761520074363,2639
3EB046A023BECD925B0752,8ed9ca4cd956526d9b34137b86aff5b895b56f793514c21cdd9e5f1a3b8fe06f,N7qBlCmC0zt JwMowavHSCg0lHtPm9oem5US,1761520044608,,,,2783
3EB048E1997C3B14DF87B5,415388c651c087b5f5dfdc9eae0d63b8a507bfa78f203b3bdd35e755f082b782,Z4ve7XqaV6,1761519809709,,1761520020516,1761520022731,2671
3EB04A7C201D610551C544,bb5f5477c796b891ca85f6c82c72477e488512d98643cd7542d01e0ef088f3fb,"[Control Message]\nConfirmation ACK sent.",,1761519890179,,,724
3EB04C91C055722C7C0A56,c764d4fee6a95d7d40bf824ba1a3cde3c5573ba0d6436865f40f188e4c0c6802,"[Control Message]\nConfirmation ACK sent.",,1761519849234,,,724
3EB04CB84856BA93FF71DA,7305dc40c832193f78a0734b5deebf61f38b88d22085e74b0e62d950fa20eb84,xoaSmj 2dkCEjp4K1eHmKZts0RVdGpbmS4CmP9Fko0zUxLSxvBMD4Puz6Mc6IjwWAtH,1761519999607,,,,2895
3EB04DC11E4682763E7FF2,cd4bae666f1dc7319b2b66df4e16c2246da7cda9851410f26b1b62b1274046c0,"[Control Message]\nConfirmation ACK sent.",,1761519760996,,,724
3EB04F13DAAE81CA1B24A7,be67a055c7c39a575d787b4c4417248506f06b6fcf3907c754f269e2b352d023,nfYFGS6Svc4hjrM6FwxM9u WKSF3t42C2D52AObGmExb6u3zaWdl2DiNhk7cuIWXH0GAlKdZtr8jr8xN6wAdyP,1761520009623,,,,2991
3EB052EA8C9B6E98FD21AE,9e313586d96241034cd79f5358345b6eca6bcdee3adf9916bc2ad555ee0a4559,W6oVIpLzg8XJRmNiRW24ZPuuXV f8AfnpVo,1761519894693,,,,2799
3EB0530AC040814D6E8698,39bf3f3a919ba7610bdacf413c61f9b0458555100d1d1cc37ca5a1ccbc7b2397,yngZPC901 CIImawH8C9MdXrfBEEj96D HH8SUt6rn5UjtVJ3h0TsUYCpiOTwveDzmDRbwXJN9jQQwGc,1761520194624,,1761520198714,,2943
3EB0546558017570F8D6FB,e5883e228aeef8337dca330bedd91c499ff00e64d20f9d186d0b747063c7f881,e0,1761519719627,,1761519745042,1761519741793,2655
3EB056FDA1E43B4307EFB7,39086fab47a22861b6ecab068d4e92db8f9aef14fa700cc9617b3c97b3c5aad2,tTCHVnCJBDikOxX3sy9S7OvGJDsZrewXdkqIsP0EwIPb,1761519704611,,1761519710759,1761519717294,2814
3EB05726A11A4E0C15E0ED,33a04187a75125d79910e73b882166608c8a00b7383828a30cee941637ff4efd,"[Control Message]\nConfirmation ACK sent.",,1761520204206,,,740
3EB057BA8C2FF1E67CAFD5,e6d7a47da918c0ce252c304288c22ff7c5cb876d3c02c25d4464d048887c4536,wZ1DXn6XumvnKEsKyMYkTmuC1nukG1m9IAofBBHCAHQfcTFJJuNIFcTYDqiyDgvfYbDKGkQ9JJpZvnEJUuPFMN,1761520134611,,,,2991
3EB05E1CD76DADAC898A60,32efa58381501551faec3dc6c8844111531f93eec318a7b8f54a6dcdc5f6d617,"[Control Message]\nConfirmation ACK sent.",,1761519916322,,,724
3EB05F14ECEC3D3C5D45E5,300a11eb9439753dda6c056d2bc3f16a00db01e3e80275a5e6332d30c64bcdfa,"[Control Message]\nConfirmation ACK sent.",,1761519929153,,,724
3EB05F7E7D045A8F70C88B,da54973f0e35c592e386914b655ac473a90610f013c4291c8abb27fe9a806837,"[Control Message]\nConfirmation ACK sent.",,1761519963102,,,740
3EB05FD9059E31229D8A9C,cd4bae666f1dc7319b2b66df4e16c2246da7cda9851410f26b1b62b1274046c0,dYEoGwVu0FQCvgw2eLb1S4spAsrfbrB9HbdZIdObteS5a7f4uh47qLjuHO,1761519724648,,1761519755163,1761519755354,2879
3EB060D7E52E2380B8A910,ed8de6677e4354d4b407e45b61548aa9c8de3878469732c8f81329f7e874c008,Foe x3h4ZZaNtG86vIdrrp5y1JxabbV5EALtqJ0AunK9OU7YM,1761520049608,,1761520051637,,2831
3EB061BE4B9F8D00AA8A33,b44a355342eb4d84cec489074e3de6c8503ef054bce147110392c86d91b8d4ff,97A0ePs6QYAnHtHD8FTxIhJX0sVj2aUblUQqXP0UVqInjvS,1761519969609,,,,2815
3EB061C55BE9A8B2B74378,19dea0531bf36db26d8f98f98c7f57972b81d7dcc4469d4b6da6ae1d50da0615,s1ozZdzPiwp4Io1G62IuT,1761520124610,,,,2735
3EB061D414DE13AC42D1E8,b99abad3e535823be2586fd8c464e7b96aefd13cbc270fec199e27a1dd8a1ad7,"[Control Message]\nConfirmation ACK sent.",,1761519992956,,,724
3EB062AFF6955FE9298553,0b4cd32937ea881f7e21fbd25c9fca8adfa3e674f449cc801a611df716695fa7,KE8 cDwRESOiP7L9G3WCT1Rv f,1761519954611,,,,2751
3EB0637289B1AD605A3F21,e5883e228aeef8337dca330bedd91c499ff00e64d20f9d186d0b747063c7f881,"[Control Message]\nConfirmation ACK sent.",,1761519750144,,,724
3EB06D0D1A19CB6337C2A4,44dc1a22f37183005095bc62fa08c5d2c1983bfc432667c9c4ee162b56e450e3,anZcUJeiMkXiW956B6mUdty7VaLLwAlTKhB4zM,1761520099615,,,,2783
3EB07075AE92661076477D,49f0939b2c48337273e7a474b8b2415c76ade522384208cc088121df36eed55a,Kcz28O0XDBfpKXCwYpf0F,1761519819617,,1761520053905,1761520059475,2719
3EB070C6C09019064B4E19,8368d377c75ef645a43091877dd99705fd0a3a9888a5bf8a22bc5f11c43957b7,HsntQ1fU8FeIXsCp WgzUQ3sIvHkbT0TFZYzUt746jYfS9G58q820v9AMMrMxysfjHliK2,1761519989608,,,,2943
3EB071C5CDEA260C2A1649,5dc187a34ed23b550ed435e03b37fe4c14eca164fcfb29d6451f175a717aeec1,NNufM8OONBqZT7z,1761519949615,,,,2687
3EB07329C6E6E5A9BEDC57,86eda2de316295ec1e5f00c0aaba7ae070244587e422daeee611d360dd012126,ExqJRwAtIeTlfY6Lf1oX1FOJ7v5UbJEj6FG9MOSGweXCP1EsMneXTnF1fqJ1YpC2rC2EFSfbkhebEgl,1761519964664,,,,2943
3EB07867E10A86DA1DEE41,d7c7411f20b49f915650ecdcd7348c3b284281034ae6246406457734c011e8c7,zflFpWJqL5iVxNIyDvZcVhvuz5s9VE3GJQkWtoYRa fONd6d74MwTuNpzIV,1761519749610,,1761519815756,1761519817057,2879
3EB079A4FF9102FF950DEF,2f437e378e6dd9a138ae6e3756691295d0b10e9a1ab28b87bd8b973e9f2bbb55,NwF5R82,1761519994660,,,,2687
3EB079A68F5F70A6640967,ba0f286fcc0a94fc7d405355568206d38d0e390c6757a09792f721fdd256561c,Pt4SaUanWJ4o6cYDpUuUidtD RpY6teXnC07wb73WWQENDvywQwgWySNoDYkth,1761519974611,,,,2879
3EB07B16DB9151ED5137C1,90e892f8d17c9fb6ea9ae3f512618f5ee59e4ac8fbac0f505748277f91a49b9a,9LEyLz2bB19Ne8QYGf,1761520034664,,,,2719
3EB07C268BD73B9BE3F9B6,b99abad3e535823be2586fd8c464e7b96aefd13cbc270fec199e27a1dd8a1ad7,nrdURgeYLW8jnxvX8ydhZITUrwuvumsnF8xts99P2fJufAWI9z6YWWoB0sCkXYSynxQ04WM1LdqJdBMqMlJwsGmTS f7C,1761519799625,,1761519981407,1761519984312,3023
3EB07CDA531FAF8A8642A8,ff360b61bd09974e44af1febc145c42de66068a223c596cf2236b7b32ffff845,7SUZNEQxW4KhhF4HukJubKQNWU0uL0re0YCBNVZs6U7ue7KMc7UD773w2CbCk,1761520164606,,,,2911
3EB081E556B04D0BD80013,494c17b2fe5f27e6b4b6b24ac47dc97b2f427dd73c394261f4d5df8ed8b85abd,HbZKrrtJC2A5G6mzE3w0q71EsIVvDjreH L6kimi1vldZlrcF9WS cze1LmYCr3NrFgysJ7e1fLvYPTGWNhDl0CvFRj0j4yT,1761519714611,,1761519732273,1761519737901,3022
3EB083E7739C76DF36B2E2,657f95ec38068b90acd446c6ebbf9998cd8e986cf4988e22bc8164d794e887e4,285mFl1tkZqNq2PFz1ADo,1761520149612,,,,2751
3EB088CA8E706ED9B94568,97ee6e2fd9b2b220235d16d8f41070459f5689f8a8a67b517e73b7746d9259cf,QvqIbapdXW,1761520174612,,,,2703
3EB08B1452B278EB7CE749,147c79bddbf7e1f9aaca0dd253cf9e43fea01f28f6c03e543eb99458e1899441,9jZ5ktM16ctaxVfmRojtQAVgcazr8pMblRtJG47bSC5n6BEnVZ 0ld OGFpsaFPn1,1761520004611,,,,2895
3EB08B4CC6A47D38FA545B,d49ad6ecdea760170c3bb4d44e9108359c10a7ac830d563f51b1e7c7d25075d6,"[Control Message]\nConfirmation ACK sent.",,1761519783097,,,724
3EB08D2C63FB3922720F31,c5266431fe4c08c3de40c4a537cfe0da36874110219c468a78f82fa1d5407479,yiVxvPTTqWPsLmLgixRgvSmvzM,1761519879611,,,,2751
3EB08F5D2C33D5E2092149,3a168a6fcb7c546e88c597e950c79690360f0e8cc22e9b0b2d57ee2395fd226e,vZetF 8v nGWrq2pzlNDnPyswW6 TxSbiZTs 3k,1761520109612,,,,4485
3EB091B962AB54B1436C5D,2569920b2af1484e0c9974e7f3cbfe2ea888210e116d19b89e1d3fa4b4a91069,u,1761520039611,,,,2671
3EB0932043FBA4C1224653,070d98ff575907a5f23822651324d99763cf723780993d7b462dcdb070b166e8,lC8IRienxOZKr7aPGqB30s8nexrTsGbX0xRB6bnDEz6BKNMGuqhdsO2f5vQzBTWmEX4buheTuU2uFYG TCq6BJYdCXTB,1761519739619,,1761519788384,1761519793821,3023
3EB095616EA9AFA61EBB8D,3a7eca1c127f61df14cf9afadd3a937bf8a410d5529752dfd45252b43b49682a,3sEDRLhRrBf3BfQwvQxlQxrLW20u,1761520179619,,,,2751
3EB095DA10EE3E82E5561F,4fc6e117af2635169747cf03f1383b968796ce7fe7fe58694a7eb507137c7cee,"[Control Message]\nConfirmation ACK sent.",,1761520050351,,,740
3EB09720EB33DF5CD3BDA5,d0127aa397aa4a89b1494d482af156f49211d54f4070c7f0eefcdacc7a8cfbab,xI9DcgFoLAdBGaDwjqA9gaM1IVK,1761519889611,,,,2751
3EB09924C0B8BFED6435C9,d49ad6ecdea760170c3bb4d44e9108359c10a7ac830d563f51b1e7c7d25075d6,u68RQsWLRQ7OSVyiXk9DlqPLvfP8BB5rRwrH2M v,1761519734661,,1761519773929,1761519777395,2815
3EB09D9753E43DFA51FC52,fe733d1b367c4992668e303a7528b18059f4197ca9d1352f8983825260e73f73,Z1y syVwz3Er gapdfIxwGpNLmANyYPlK8cwDPR29OdFZfPkdtF9H67q1cov1,1761520159614,,,,2879
3EB09E21CE4C0A6D9AC52F,da864432b6812bca9d3dcd947e34d9baed6a1ddf982ffe253215c500b969c6ac,KD2vth7Wfk5e78gQkleLIK7pUbnEYJQ1Fx0hJw5UNAGqn4TYyJ2CSbBkxpx7QLvcNhCHNcDW1D1Y,1761520129609,,,,2959
3EB09FB780E48FFDB4521C,d950913b2e51c17a9b96c8057be69eafe74bdd3e82f498eb5a47729b8346c5c9,HZvQtJtfwZQGPbFJxCLcSnAh5NRmQMb826SVRFVjRiYeKMzujvtSVEyoTk ibC2bzUX3XoU9psstG jHWX,1761520189623,,,,2943
3EB09FF1A68AFDB6EE707A,443b51c348edf868ea6e8d3469761932220ee0d967a4f4e92284d6f7f18f635e,CyhgqbhGnFxRGFNpx1Bq2zkfy6zSR2Cm4GYS8XRfUL2tH1Y6HfwRZWAufvit7F1vT1q,1761519699868,,1761519704526,1761519704532,2910
3EB0A2EC69504C18305C66,a1d2df1967553c6280761872697abe8d2d1d9997afeaacdd7ec2f0361d3595c7,HDXKpirxhQZLJIKT89YWSDPFgWcrzt8hfPdTpoJBS1tB9URKN4mhiZSw6nFR65sDdzy,1761520139672,,,,2911
3EB0A3EC5B3E2B4E848C91,c764d4fee6a95d7d40bf824ba1a3cde3c5573ba0d6436865f40f188e4c0c6802,G4C5,1761519759612,,1761519834948,1761519868179,2655
3EB0A3F7C8AAA7514E1740,31f6c9062363e4f4b44f45a213d5def2b064d7823aaaedcb3226a2162d1c5205,kr6XbH33faKpj DVJ,1761519764753,,1761519868039,1761519868179,2703
3EB0A6DAA0CB6F9C0095A4,09d6eea751c1beeaa41245d1132a212554923643bce1f365c1943c66071244f3,"[Control Message]\nConfirmation ACK sent.",,1761519850391,,,-Infinity
3EB0AAC2298CAFCA4D5DD9,7ef9476e200b2144532e5ad415eddf061b577a40b31d91f81c359e7131166804,bGbsKR2R9PxFhoaVQCaFoC,1761520054903,,,,2735
3EB0AE9EADF6E0EC88B427,59b0c844e97099ce8e3670688d7a5e810276beec021c5c4aa4ae1b542a3d0baf,"[Control Message]\nConfirmation ACK sent.",,1761519944358,,,740
3EB0B05442F8BBEFA7452D,3ffb8a17e0878e5be56840985af15a0aa693c4ad607a3c25bfceb874d3be8210,"[Control Message]\nConfirmation ACK sent.",,1761520166223,,,740
3EB0B23DCDE8BA84CE495E,300a11eb9439753dda6c056d2bc3f16a00db01e3e80275a5e6332d30c64bcdfa,WCKOtO,1761519779616,,1761519910104,1761519916137,2671
3EB0B3B09DE2F3173A6448,a592c6dd1a1ee3def56a2adde1736a31b9e07854170cd510b1afd06eff01ff46,WbBgK4l2BfFokPVfxdGHkO7LedZXujGf,1761519934610,,,,2783
3EB0B86972E453BE65009D,1a023f533d38855398f4e4839d99a700294109f68f92dab41a93b2d988e86e4b,1bCXGJFaFtBhFXt3 Y9E5jclDOv AUhPkyYfiFDgDVM5H1ATZMlwEPKG3UK61XOFC2w2hzqSeUp,1761520029609,,,,2943
3EB0B8D8507EC9A2E00164,5a16ba2c7a3321727a47b1bf86d4c98b53c3c3bbaa5db8ce39d6bd43497053bf,2RnPOiRfBBwqXTewDk11pK8zDdJPwnczJ0UeBWKz1yW,1761519709672,,1761519724423,1761519721844,2814
3EB0BC032D9FC462CA5C40,4c7793c29cc217689cb6a94bf245fcd0d828b928246eaf200c44c2b214dd38c7,eODmDe8BFzgJ9oqCVt7sO5FkRer41B0PFrAKjmiwQq2OtUikRqicgl5C zNQ9 j DugrfaWD,1761520144613,,,,2943
3EB0BCDCBBD2B396997001,2c94b8ff35a162daaba3dba74c7b9baf1b3033cc51205e0d2d28a2adfd1f8ff7,oJVXN3Kbmw5t9vs70a1cwSuP495QJdW2BCSJ9PnvEkKPz2U YEWCsVqEnvLCtVU4S1x Mc9dYiSlU,1761519834611,,1761520125859,1761520126037,2943
3EB0BD33EAFA059F370921,5d453368921275ef67d316ca896e2f355c8ceba671d125d130c7f15ff04fd23c,6 9IAwBQziXSEy0zUpfuIzrBlWcH7GmwyBl,1761519904612,,,,2767
3EB0BE26B6B30E829A8044,da54973f0e35c592e386914b655ac473a90610f013c4291c8abb27fe9a806837,1aRrixpphVa t809NyNs38ae2 bJ7WusAclUEr,1761519789611,,1761519950077,1761519955019,2783
3EB0BE5A15287972BAE82C,2c94b8ff35a162daaba3dba74c7b9baf1b3033cc51205e0d2d28a2adfd1f8ff7,"[Control Message]\nConfirmation ACK sent.",,1761520136825,,,724
3EB0C0202BB177797BF52A,31f6c9062363e4f4b44f45a213d5def2b064d7823aaaedcb3226a2162d1c5205,"[Control Message]\nConfirmation ACK sent.",,1761519873298,,,724
3EB0C1673B15D5CD81EEB4,d46630c6ec0a729ddf5d5c9c8d4c1faa0bbf719547ed54c47d0ce9cbada5a04d,lPib46i8cnL5iG,1761520089608,,,,2687
3EB0C4E8ABB419F10D568F,bad10dcad3ee6614c2777830709b62af34048b33de8562ef40e7595274ea2536,izI gQLH1UfKDVqjt6Q5Ca3ZU3PochIBXl8nwSicIVf4sEiISEe LsgWQ00LnZdNZEh8GFvAFByTvc8qTtVqaQt,1761519929729,,,,3007
3EB0C528DB45F8FCF0A3B9,7ebd7c5c0d1b4ee8525cf5542757acc67b8f594ad98eaa39f64707be054987ac,Tu7y1iixky0HqgpLAKRELMEoX8C8hEsbB250Q2dsE60IIr1KiwIzd79hLyq6DnjOq,1761519864610,,,,5352
3EB0C57809E138997DA0F3,f16898cba88cd451d641b62988d5da0a6390a6091f6ffc8e96e0c9a4ad56a3e3,siiYzNwmq8QNyVFR4CZpn3tOgjciKhfdn,1761519884611,,,,2799
3EB0CA0B9DAE35EB00EBF6,09d6eea751c1beeaa41245d1132a212554923643bce1f365c1943c66071244f3,6QmYQHw8AntMUczcz4loQwkqoT DIUjzAqYAjeJgOzCBfKPlQKFhesANaYcXoWQERdyqaLroZ2BGJo0h,1761519754652,,1761519828478,1761519828634,2943
3EB0CC058BD7B6130DC7C2,4abbc0a10de604d5779e79d7a5ebe0a06907e0180bc8150feaaddddcb793e1e2,"[Control Message]\nConfirmation ACK sent.",,1761519809408,,,724
3EB0CCEEE3B8B05FC1C918,cf1d3b3446209bf308ccdbf445521a38538641c5f6d43167776918287292f7fc,"[Control Message]\nConfirmation ACK sent.",,1761520111906,,,724
3EB0CDB530789214098552,0aad17bc3bcbc90da0ade57a05aae1bfacf0a0869b551b6c5f1a37ff8f587d34,t0feYE441,1761520114675,,,,2687
3EB0CE8594072378B1E83B,16b6d04780dcc8be102dd02ae125e5b6b32330212aada046cb0f765ae41d6952,6IY54X7xIIGOJk7loczZmH7Msyu4EXiN8tZ1O0jOcnCsFjXd6nm7,1761520154610,,,,2863
3EB0CE951B6945456811B8,fc0c34401c8dd1f1703a923ebe4b5cc8b506590ae538f03a3739dcb7815bb80f,SdP4Lt oxZ49iT84GFkRPy3CDxPUqei2nbb9Md527XV335CgUmKXsrGPanyNzDj4FfvQLwpL6z2av5,1761520094659,,,,2959
3EB0CEA1DE506327D63000,a3d2175b2a0c842e1ed86ed34a903295ee7cbd805451c35c6d2238633d93502c,G6n3la7wYYOx4tWVfGvd3lEZSNRhJSIjV4ggo50U7enAmzYibxYtKmzT5b75AD6u,1761520119615,,,,2895
3EB0CEAFD61803FAD6D978,33a04187a75125d79910e73b882166608c8a00b7383828a30cee941637ff4efd,ZOE9d fgeRYwT,1761519849700,,1761520186413,1761520196049,2687
3EB0D05F4FC5B461CB8E06,06483bac64aef48c830fd7e277ab761743c722d536bd262864db5fff33e709fa,aHfKf4phqQ4TB0kaa3yUmdG9eKFlM15kMBqtWctvxsXKKrKGjxaBgcOWw07d3hEbsd3lj4sHbVu7,1761519899618,,,,2943
3EB0D102C93098739638E8,fc230a29aea174ff29cb137549017a04cc20a8ee28edb8f0b0f2fc1b424a2d34,kQsTIuXC OGUhCD6ArxEQ7A66y DyfaO3RVTsmiJuz7bnw3DVApppxDhGN1oSzoNLMCC2CvUKao,1761520064608,,,,2959
3EB0D125122E29CAD290D2,494c17b2fe5f27e6b4b6b24ac47dc97b2f427dd73c394261f4d5df8ed8b85abd,"[Control Message]\nConfirmation ACK sent.",,1761519740143,,,724
3EB0D1B9B3A6694F9D5B2D,8171ef9bd9930f096295dfc9727b7028f557a184c43aeeecd6f1a26effa3748a,E78HOgVPQ0UJSbruL5qSZcWfUQxKL0wbVEAUIA7U4njr3EvT6nMM FmPtcGJiWCXwrrA4MtfIZkuOTaZURWXvVQtZtu23DAdvgS,1761520169669,,,,3039
3EB0D2D789594C5112ACEF,744583fd7e4b98b5a083e88a6f0b209c4abf1c3c63c2849756d1e925904200c9,ur2csyCf32K,1761519959656,,,,2671
3EB0D46C9E22D27DF734F2,59b0c844e97099ce8e3670688d7a5e810276beec021c5c4aa4ae1b542a3d0baf,LZsSMPq1SJBq2wToC3w8AL4fTdK19fj2oGNZ1 jzOrOMGhTrFmTyR88WUVnADNDhkycuHT4aCxP6t3xj3Eg6VC,1761519784678,,1761519932780,1761519935283,2959
3EB0D955815E7C48C448EC,83bbd73f204e9c736f6199926906ef4fda369a0075d99b30085cf4c1734f87ce,"[Control Message]\nConfirmation ACK sent.",,1761519978019,,,740
3EB0DC9C40568A17A077E5,dc7595eb23851128b19abf68b8ba723a746f7e700af577266696e18fc1c1af75,FgGGrVuqtIP7WCqYWV75tDI8 tkB6FayM,1761520019611,,,,2751
3EB0DFD13EE144A3EBB43B,bb5f5477c796b891ca85f6c82c72477e488512d98643cd7542d01e0ef088f3fb,lIuGU6jTns0bVukMGsr5tidYQ8ZFsyx5Qk1OkIRSIvmaUQ4xEwQdGakNPFQSglygOLCogHvUzhK6sz7Zzl7gpzWzrq6h,1761519769621,,1761519877900,1761519882169,3007
3EB0E05D16D5693ACB849C,15d4b1f9610a16152e699e5ed87032db706e33bd9f5ed8b17f42ade3b2203b9a,WFPtcr6UkHpjt4o9fkRkraMT5Yd9l92UR3aLqTOs8lVTfaOX6fs,1761520074729,,,,2879
3EB0E0F0E98F1F548D3033,83bbd73f204e9c736f6199926906ef4fda369a0075d99b30085cf4c1734f87ce,hPAsntF3ph4i1XEaf,1761519794705,,1761519969457,1761519971373,2719
3EB0EC29FD96776D3D5F76,d83d58957f20f758721677c4419d6f6d81e0e856c8cf30700c6e91e54f91e352,I0r,1761519869612,,,,2671
3EB0EC5FD2A3694AA165A2,6a48475211195ebb9996d24f416fce6305d302296688ce47259ff950979bec40,PTRJPo0Ku6rZdbE5lCORSwpJiF MX tUYI3Z4uE3KO290jNKJ6fN,1761520024611,,,,2863
3EB0ED9E412BACDC4C5F25,d6fea3a70cb4e488c38af41b5bde94b92332bca79d52e46b4574c33e0c71579f,YxqnzzIx wj7zR nduO2IGmOmnaJDFi6djgsI0B6lR9a,1761520084608,,,,2831
3EB0EE30FE68E224C4A781,4452ae2ac5316deb26a65c277b7c6dbfa4be1364a2480af6639b03762c0e8695,liV3oT2olZqgamZTiO8fsMdIkUfyKR8vM KYsBxZHfFxTgxUZy3xeg0YQ 5KYJBGiHWRLZSJYC0o8yXgUyUclpgkMbq2GE,1761519924606,,,,3023
3EB0EF44B992813EA30573,d4fdca335b2aefc1a5612ae85d651972131485ae1ea7399e953e006eecd0a51a,rtB1Z9Tkwuk vg0fot FW8VP7 CXUa13ZEcx41Khv03 WL7ORhbPCHXz6JQiJgxLrVNejLJrgzgd8Buxlb,1761519914609,,,,2959
3EB0F49653C85DA4D88014,d91ac4513c8fe3bfd31605d1341c9f7a56f2071cc9046acbd08af0ff671625b1,oZjP1wxhrZ6eB47YR2uwELbUlA8dUXPVys3XhIVX6vDn7KpHURt0JtBxE6AHcnd,1761519854654,,1761520205958,1761520196049,2895
3EB0F694DDD5043F1F105D,a36e44deee9bf1fa5e386dc26b54b448eaa53891452ae8037566db91104bc347,8gwkrh,1761519909612,,,,2655
3EB0F6E63587BC82F2D9CF,5a16ba2c7a3321727a47b1bf86d4c98b53c3c3bbaa5db8ce39d6bd43497053bf,"[Control Message]\nConfirmation ACK sent.",,1761519729954,,,724
3EB0F9AA1122437F82A3D6,fe3101363518afbd26ca92b485decef6f4766dc5c6e93388a1082c7d4a0976b5,A2AYUAB SHrHC15CXBJYQst Bm9EDqzdI2Uk4N,1761519804611,,1761519996342,1761520002006,2815
3EB0FAACEA86CA7B254F7E,cf1d3b3446209bf308ccdbf445521a38538641c5f6d43167776918287292f7fc,VTjCCt4NkImtuyV4gNkHRH33W5hoFRP9Hm8MJlXD7hmnNIxXgIdcPIy4AJgHnHL7emVdiTVyImQDdvhGwVfF,1761519829689,,1761520095014,1761520102758,2975
